2026-08-25 01:22:41.595 +07:00 [INF] Executed DbCommand (194ms) [Parameters=[], CommandType='"Text"', CommandTimeout='30']
SELECT 1
2026-08-25 01:22:42.449 +07:00 [INF] Executed DbCommand (235ms) [Parameters=[], CommandType='"Text"', CommandTimeout='30']
SELECT OBJECT_ID(N'[__EFMigrationsHistory]');
2026-08-25 01:22:42.505 +07:00 [INF] Executed DbCommand (16ms) [Parameters=[], CommandType='"Text"', CommandTimeout='30']
SELECT 1
2026-08-25 01:22:42.536 +07:00 [INF] Executed DbCommand (2ms) [Parameters=[], CommandType='"Text"', CommandTimeout='30']
SELECT OBJECT_ID(N'[__EFMigrationsHistory]');
2026-08-25 01:22:42.692 +07:00 [INF] Executed DbCommand (18ms) [Parameters=[], CommandType='"Text"', CommandTimeout='30']
SELECT [MigrationId], [ProductVersion]
FROM [__EFMigrationsHistory]
ORDER BY [MigrationId];
2026-08-25 01:22:44.585 +07:00 [INF] Executed DbCommand (13ms) [Parameters=[], CommandType='"Text"', CommandTimeout='30']
SELECT CASE
    WHEN EXISTS (
        SELECT 1
        FROM [UnitsOfMeasure] AS [u]
        WHERE [u].[IsDeleted] = CAST(0 AS bit)) THEN CAST(1 AS bit)
    ELSE CAST(0 AS bit)
END
2026-08-25 01:22:44.641 +07:00 [INF] Executed DbCommand (8ms) [Parameters=[], CommandType='"Text"', CommandTimeout='30']
SELECT CASE
    WHEN EXISTS (
        SELECT 1
        FROM [Warehouses] AS [w]
        WHERE [w].[IsDeleted] = CAST(0 AS bit)) THEN CAST(1 AS bit)
    ELSE CAST(0 AS bit)
END
2026-08-25 01:22:44.694 +07:00 [INF] Executed DbCommand (15ms) [Parameters=[], CommandType='"Text"', CommandTimeout='30']
SELECT CASE
    WHEN EXISTS (
        SELECT 1
        FROM [Users] AS [u]
        WHERE [u].[IsDeleted] = CAST(0 AS bit)) THEN CAST(1 AS bit)
    ELSE CAST(0 AS bit)
END
2026-08-25 01:23:19.602 +07:00 [INF] HTTP POST /api/v1/auth/login started
2026-08-25 01:23:19.784 +07:00 [WRN] Failed to determine the https port for redirect.
2026-08-25 01:23:20.889 +07:00 [INF] Executed DbCommand (80ms) [Parameters=[@__dto_Username_0='?' (Size = 50)], CommandType='"Text"', CommandTimeout='30']
SELECT TOP(1) [u].[Id], [u].[CreatedAt], [u].[CreatedBy], [u].[Email], [u].[IsActive], [u].[IsDeleted], [u].[PasswordHash], [u].[Role], [u].[UpdatedAt], [u].[UpdatedBy], [u].[Username], [u].[WarehouseId]
FROM [Users] AS [u]
WHERE [u].[IsDeleted] = CAST(0 AS bit) AND [u].[Username] = @__dto_Username_0 AND [u].[IsDeleted] = CAST(0 AS bit) AND [u].[IsActive] = CAST(1 AS bit)
2026-08-25 01:23:23.664 +07:00 [ERR] Unhandled exception: Invalid username or password.
WMS.Application.Common.BusinessException: Invalid username or password.
   at WMS.Application.Services.Security.AuthService.LoginAsync(LoginDto dto, CancellationToken ct) in C:\Users\admin\Documents\GitHub\Warehouse Management System\src\WMS.Application\Services\Security\AuthService.cs:line 44
   at WMS.API.Controllers.AuthController.Login(LoginDto dto, CancellationToken ct) in C:\Users\admin\Documents\GitHub\Warehouse Management System\src\WMS.API\Controllers\AuthController.cs:line 23
   at lambda_method12(Closure, Object)
   at Microsoft.AspNetCore.Mvc.Infrastructure.ActionMethodExecutor.AwaitableObjectResultExecutor.Execute(ActionContext actionContext, IActionResultTypeMapper mapper, ObjectMethodExecutor executor, Object controller, Object[] arguments)
   at Microsoft.AspNetCore.Mvc.Infrastructure.ControllerActionInvoker.<InvokeActionMethodAsync>g__Awaited|12_0(ControllerActionInvoker invoker, ValueTask`1 actionResultValueTask)
   at Microsoft.AspNetCore.Mvc.Infrastructure.ControllerActionInvoker.<InvokeNextActionFilterAsync>g__Awaited|10_0(ControllerActionInvoker invoker, Task lastTask, State next, Scope scope, Object state, Boolean isCompleted)
   at Microsoft.AspNetCore.Mvc.Infrastructure.ControllerActionInvoker.Rethrow(ActionExecutedContextSealed context)
   at Microsoft.AspNetCore.Mvc.Infrastructure.ControllerActionInvoker.Next(State& next, Scope& scope, Object& state, Boolean& isCompleted)
   at Microsoft.AspNetCore.Mvc.Infrastructure.ControllerActionInvoker.InvokeInnerFilterAsync()
--- End of stack trace from previous location ---
   at Microsoft.AspNetCore.Mvc.Infrastructure.ResourceInvoker.<InvokeFilterPipelineAsync>g__Awaited|20_0(ResourceInvoker invoker, Task lastTask, State next, Scope scope, Object state, Boolean isCompleted)
   at Microsoft.AspNetCore.Mvc.Infrastructure.ResourceInvoker.<InvokeAsync>g__Awaited|17_0(ResourceInvoker invoker, Task task, IDisposable scope)
   at Microsoft.AspNetCore.Mvc.Infrastructure.ResourceInvoker.<InvokeAsync>g__Awaited|17_0(ResourceInvoker invoker, Task task, IDisposable scope)
   at Microsoft.AspNetCore.Authorization.AuthorizationMiddleware.Invoke(HttpContext context)
   at Microsoft.AspNetCore.Authentication.AuthenticationMiddleware.Invoke(HttpContext context)
   at Swashbuckle.AspNetCore.SwaggerUI.SwaggerUIMiddleware.Invoke(HttpContext httpContext)
   at Swashbuckle.AspNetCore.Swagger.SwaggerMiddleware.Invoke(HttpContext httpContext, ISwaggerProvider swaggerProvider)
   at WMS.API.Middleware.RequestLoggingMiddleware.InvokeAsync(HttpContext context) in C:\Users\admin\Documents\GitHub\Warehouse Management System\src\WMS.API\Middleware\RequestLoggingMiddleware.cs:line 18
   at WMS.API.Middleware.ExceptionHandlerMiddleware.InvokeAsync(HttpContext context) in C:\Users\admin\Documents\GitHub\Warehouse Management System\src\WMS.API\Middleware\ExceptionHandlerMiddleware.cs:line 21
2026-08-25 01:23:36.564 +07:00 [INF] HTTP POST /api/v1/auth/login started
2026-08-25 01:23:36.897 +07:00 [INF] Executed DbCommand (10ms) [Parameters=[@__dto_Username_0='?' (Size = 50)], CommandType='"Text"', CommandTimeout='30']
SELECT TOP(1) [u].[Id], [u].[CreatedAt], [u].[CreatedBy], [u].[Email], [u].[IsActive], [u].[IsDeleted], [u].[PasswordHash], [u].[Role], [u].[UpdatedAt], [u].[UpdatedBy], [u].[Username], [u].[WarehouseId]
FROM [Users] AS [u]
WHERE [u].[IsDeleted] = CAST(0 AS bit) AND [u].[Username] = @__dto_Username_0 AND [u].[IsDeleted] = CAST(0 AS bit) AND [u].[IsActive] = CAST(1 AS bit)
2026-08-25 01:23:37.940 +07:00 [ERR] Unhandled exception: Invalid username or password.
WMS.Application.Common.BusinessException: Invalid username or password.
   at WMS.Application.Services.Security.AuthService.LoginAsync(LoginDto dto, CancellationToken ct) in C:\Users\admin\Documents\GitHub\Warehouse Management System\src\WMS.Application\Services\Security\AuthService.cs:line 44
   at WMS.API.Controllers.AuthController.Login(LoginDto dto, CancellationToken ct) in C:\Users\admin\Documents\GitHub\Warehouse Management System\src\WMS.API\Controllers\AuthController.cs:line 23
   at lambda_method12(Closure, Object)
   at Microsoft.AspNetCore.Mvc.Infrastructure.ActionMethodExecutor.AwaitableObjectResultExecutor.Execute(ActionContext actionContext, IActionResultTypeMapper mapper, ObjectMethodExecutor executor, Object controller, Object[] arguments)
   at Microsoft.AspNetCore.Mvc.Infrastructure.ControllerActionInvoker.<InvokeActionMethodAsync>g__Awaited|12_0(ControllerActionInvoker invoker, ValueTask`1 actionResultValueTask)
   at Microsoft.AspNetCore.Mvc.Infrastructure.ControllerActionInvoker.<InvokeNextActionFilterAsync>g__Awaited|10_0(ControllerActionInvoker invoker, Task lastTask, State next, Scope scope, Object state, Boolean isCompleted)
   at Microsoft.AspNetCore.Mvc.Infrastructure.ControllerActionInvoker.Rethrow(ActionExecutedContextSealed context)
   at Microsoft.AspNetCore.Mvc.Infrastructure.ControllerActionInvoker.Next(State& next, Scope& scope, Object& state, Boolean& isCompleted)
   at Microsoft.AspNetCore.Mvc.Infrastructure.ControllerActionInvoker.InvokeInnerFilterAsync()
--- End of stack trace from previous location ---
   at Microsoft.AspNetCore.Mvc.Infrastructure.ResourceInvoker.<InvokeFilterPipelineAsync>g__Awaited|20_0(ResourceInvoker invoker, Task lastTask, State next, Scope scope, Object state, Boolean isCompleted)
   at Microsoft.AspNetCore.Mvc.Infrastructure.ResourceInvoker.<InvokeAsync>g__Awaited|17_0(ResourceInvoker invoker, Task task, IDisposable scope)
   at Microsoft.AspNetCore.Mvc.Infrastructure.ResourceInvoker.<InvokeAsync>g__Awaited|17_0(ResourceInvoker invoker, Task task, IDisposable scope)
   at Microsoft.AspNetCore.Authorization.AuthorizationMiddleware.Invoke(HttpContext context)
   at Microsoft.AspNetCore.Authentication.AuthenticationMiddleware.Invoke(HttpContext context)
   at Swashbuckle.AspNetCore.SwaggerUI.SwaggerUIMiddleware.Invoke(HttpContext httpContext)
   at Swashbuckle.AspNetCore.Swagger.SwaggerMiddleware.Invoke(HttpContext httpContext, ISwaggerProvider swaggerProvider)
   at WMS.API.Middleware.RequestLoggingMiddleware.InvokeAsync(HttpContext context) in C:\Users\admin\Documents\GitHub\Warehouse Management System\src\WMS.API\Middleware\RequestLoggingMiddleware.cs:line 18
   at WMS.API.Middleware.ExceptionHandlerMiddleware.InvokeAsync(HttpContext context) in C:\Users\admin\Documents\GitHub\Warehouse Management System\src\WMS.API\Middleware\ExceptionHandlerMiddleware.cs:line 21
2026-08-25 01:24:48.983 +07:00 [INF] HTTP POST /api/v1/auth/login started
2026-08-25 01:24:49.109 +07:00 [INF] Executed DbCommand (18ms) [Parameters=[@__dto_Username_0='?' (Size = 50)], CommandType='"Text"', CommandTimeout='30']
SELECT TOP(1) [u].[Id], [u].[CreatedAt], [u].[CreatedBy], [u].[Email], [u].[IsActive], [u].[IsDeleted], [u].[PasswordHash], [u].[Role], [u].[UpdatedAt], [u].[UpdatedBy], [u].[Username], [u].[WarehouseId]
FROM [Users] AS [u]
WHERE [u].[IsDeleted] = CAST(0 AS bit) AND [u].[Username] = @__dto_Username_0 AND [u].[IsDeleted] = CAST(0 AS bit) AND [u].[IsActive] = CAST(1 AS bit)
2026-08-25 01:24:50.208 +07:00 [ERR] Unhandled exception: Invalid username or password.
WMS.Application.Common.BusinessException: Invalid username or password.
   at WMS.Application.Services.Security.AuthService.LoginAsync(LoginDto dto, CancellationToken ct) in C:\Users\admin\Documents\GitHub\Warehouse Management System\src\WMS.Application\Services\Security\AuthService.cs:line 44
   at WMS.API.Controllers.AuthController.Login(LoginDto dto, CancellationToken ct) in C:\Users\admin\Documents\GitHub\Warehouse Management System\src\WMS.API\Controllers\AuthController.cs:line 23
   at lambda_method12(Closure, Object)
   at Microsoft.AspNetCore.Mvc.Infrastructure.ActionMethodExecutor.AwaitableObjectResultExecutor.Execute(ActionContext actionContext, IActionResultTypeMapper mapper, ObjectMethodExecutor executor, Object controller, Object[] arguments)
   at Microsoft.AspNetCore.Mvc.Infrastructure.ControllerActionInvoker.<InvokeActionMethodAsync>g__Awaited|12_0(ControllerActionInvoker invoker, ValueTask`1 actionResultValueTask)
   at Microsoft.AspNetCore.Mvc.Infrastructure.ControllerActionInvoker.<InvokeNextActionFilterAsync>g__Awaited|10_0(ControllerActionInvoker invoker, Task lastTask, State next, Scope scope, Object state, Boolean isCompleted)
   at Microsoft.AspNetCore.Mvc.Infrastructure.ControllerActionInvoker.Rethrow(ActionExecutedContextSealed context)
   at Microsoft.AspNetCore.Mvc.Infrastructure.ControllerActionInvoker.Next(State& next, Scope& scope, Object& state, Boolean& isCompleted)
   at Microsoft.AspNetCore.Mvc.Infrastructure.ControllerActionInvoker.InvokeInnerFilterAsync()
--- End of stack trace from previous location ---
   at Microsoft.AspNetCore.Mvc.Infrastructure.ResourceInvoker.<InvokeFilterPipelineAsync>g__Awaited|20_0(ResourceInvoker invoker, Task lastTask, State next, Scope scope, Object state, Boolean isCompleted)
   at Microsoft.AspNetCore.Mvc.Infrastructure.ResourceInvoker.<InvokeAsync>g__Awaited|17_0(ResourceInvoker invoker, Task task, IDisposable scope)
   at Microsoft.AspNetCore.Mvc.Infrastructure.ResourceInvoker.<InvokeAsync>g__Awaited|17_0(ResourceInvoker invoker, Task task, IDisposable scope)
   at Microsoft.AspNetCore.Authorization.AuthorizationMiddleware.Invoke(HttpContext context)
   at Microsoft.AspNetCore.Authentication.AuthenticationMiddleware.Invoke(HttpContext context)
   at Swashbuckle.AspNetCore.SwaggerUI.SwaggerUIMiddleware.Invoke(HttpContext httpContext)
   at Swashbuckle.AspNetCore.Swagger.SwaggerMiddleware.Invoke(HttpContext httpContext, ISwaggerProvider swaggerProvider)
   at WMS.API.Middleware.RequestLoggingMiddleware.InvokeAsync(HttpContext context) in C:\Users\admin\Documents\GitHub\Warehouse Management System\src\WMS.API\Middleware\RequestLoggingMiddleware.cs:line 18
   at WMS.API.Middleware.ExceptionHandlerMiddleware.InvokeAsync(HttpContext context) in C:\Users\admin\Documents\GitHub\Warehouse Management System\src\WMS.API\Middleware\ExceptionHandlerMiddleware.cs:line 21
2026-08-25 01:26:44.026 +07:00 [INF] HTTP POST /api/v1/auth/login started
2026-08-25 01:26:44.074 +07:00 [INF] Executed DbCommand (16ms) [Parameters=[@__dto_Username_0='?' (Size = 50)], CommandType='"Text"', CommandTimeout='30']
SELECT TOP(1) [u].[Id], [u].[CreatedAt], [u].[CreatedBy], [u].[Email], [u].[IsActive], [u].[IsDeleted], [u].[PasswordHash], [u].[Role], [u].[UpdatedAt], [u].[UpdatedBy], [u].[Username], [u].[WarehouseId]
FROM [Users] AS [u]
WHERE [u].[IsDeleted] = CAST(0 AS bit) AND [u].[Username] = @__dto_Username_0 AND [u].[IsDeleted] = CAST(0 AS bit) AND [u].[IsActive] = CAST(1 AS bit)
2026-08-25 01:26:44.889 +07:00 [ERR] Unhandled exception: Invalid username or password.
WMS.Application.Common.BusinessException: Invalid username or password.
   at WMS.Application.Services.Security.AuthService.LoginAsync(LoginDto dto, CancellationToken ct) in C:\Users\admin\Documents\GitHub\Warehouse Management System\src\WMS.Application\Services\Security\AuthService.cs:line 44
   at WMS.API.Controllers.AuthController.Login(LoginDto dto, CancellationToken ct) in C:\Users\admin\Documents\GitHub\Warehouse Management System\src\WMS.API\Controllers\AuthController.cs:line 23
   at lambda_method12(Closure, Object)
   at Microsoft.AspNetCore.Mvc.Infrastructure.ActionMethodExecutor.AwaitableObjectResultExecutor.Execute(ActionContext actionContext, IActionResultTypeMapper mapper, ObjectMethodExecutor executor, Object controller, Object[] arguments)
   at Microsoft.AspNetCore.Mvc.Infrastructure.ControllerActionInvoker.<InvokeActionMethodAsync>g__Awaited|12_0(ControllerActionInvoker invoker, ValueTask`1 actionResultValueTask)
   at Microsoft.AspNetCore.Mvc.Infrastructure.ControllerActionInvoker.<InvokeNextActionFilterAsync>g__Awaited|10_0(ControllerActionInvoker invoker, Task lastTask, State next, Scope scope, Object state, Boolean isCompleted)
   at Microsoft.AspNetCore.Mvc.Infrastructure.ControllerActionInvoker.Rethrow(ActionExecutedContextSealed context)
   at Microsoft.AspNetCore.Mvc.Infrastructure.ControllerActionInvoker.Next(State& next, Scope& scope, Object& state, Boolean& isCompleted)
   at Microsoft.AspNetCore.Mvc.Infrastructure.ControllerActionInvoker.InvokeInnerFilterAsync()
--- End of stack trace from previous location ---
   at Microsoft.AspNetCore.Mvc.Infrastructure.ResourceInvoker.<InvokeFilterPipelineAsync>g__Awaited|20_0(ResourceInvoker invoker, Task lastTask, State next, Scope scope, Object state, Boolean isCompleted)
   at Microsoft.AspNetCore.Mvc.Infrastructure.ResourceInvoker.<InvokeAsync>g__Awaited|17_0(ResourceInvoker invoker, Task task, IDisposable scope)
   at Microsoft.AspNetCore.Mvc.Infrastructure.ResourceInvoker.<InvokeAsync>g__Awaited|17_0(ResourceInvoker invoker, Task task, IDisposable scope)
   at Microsoft.AspNetCore.Authorization.AuthorizationMiddleware.Invoke(HttpContext context)
   at Microsoft.AspNetCore.Authentication.AuthenticationMiddleware.Invoke(HttpContext context)
   at Swashbuckle.AspNetCore.SwaggerUI.SwaggerUIMiddleware.Invoke(HttpContext httpContext)
   at Swashbuckle.AspNetCore.Swagger.SwaggerMiddleware.Invoke(HttpContext httpContext, ISwaggerProvider swaggerProvider)
   at WMS.API.Middleware.RequestLoggingMiddleware.InvokeAsync(HttpContext context) in C:\Users\admin\Documents\GitHub\Warehouse Management System\src\WMS.API\Middleware\RequestLoggingMiddleware.cs:line 18
   at WMS.API.Middleware.ExceptionHandlerMiddleware.InvokeAsync(HttpContext context) in C:\Users\admin\Documents\GitHub\Warehouse Management System\src\WMS.API\Middleware\ExceptionHandlerMiddleware.cs:line 21
2026-08-25 01:30:26.254 +07:00 [INF] HTTP POST /api/v1/auth/login started
2026-08-25 01:30:26.287 +07:00 [INF] Executed DbCommand (1ms) [Parameters=[@__dto_Username_0='?' (Size = 50)], CommandType='"Text"', CommandTimeout='30']
SELECT TOP(1) [u].[Id], [u].[CreatedAt], [u].[CreatedBy], [u].[Email], [u].[IsActive], [u].[IsDeleted], [u].[PasswordHash], [u].[Role], [u].[UpdatedAt], [u].[UpdatedBy], [u].[Username], [u].[WarehouseId]
FROM [Users] AS [u]
WHERE [u].[IsDeleted] = CAST(0 AS bit) AND [u].[Username] = @__dto_Username_0 AND [u].[IsDeleted] = CAST(0 AS bit) AND [u].[IsActive] = CAST(1 AS bit)
2026-08-25 01:30:27.194 +07:00 [ERR] Unhandled exception: Invalid username or password.
WMS.Application.Common.BusinessException: Invalid username or password.
   at WMS.Application.Services.Security.AuthService.LoginAsync(LoginDto dto, CancellationToken ct) in C:\Users\admin\Documents\GitHub\Warehouse Management System\src\WMS.Application\Services\Security\AuthService.cs:line 44
   at WMS.API.Controllers.AuthController.Login(LoginDto dto, CancellationToken ct) in C:\Users\admin\Documents\GitHub\Warehouse Management System\src\WMS.API\Controllers\AuthController.cs:line 23
   at lambda_method12(Closure, Object)
   at Microsoft.AspNetCore.Mvc.Infrastructure.ActionMethodExecutor.AwaitableObjectResultExecutor.Execute(ActionContext actionContext, IActionResultTypeMapper mapper, ObjectMethodExecutor executor, Object controller, Object[] arguments)
   at Microsoft.AspNetCore.Mvc.Infrastructure.ControllerActionInvoker.<InvokeActionMethodAsync>g__Awaited|12_0(ControllerActionInvoker invoker, ValueTask`1 actionResultValueTask)
   at Microsoft.AspNetCore.Mvc.Infrastructure.ControllerActionInvoker.<InvokeNextActionFilterAsync>g__Awaited|10_0(ControllerActionInvoker invoker, Task lastTask, State next, Scope scope, Object state, Boolean isCompleted)
   at Microsoft.AspNetCore.Mvc.Infrastructure.ControllerActionInvoker.Rethrow(ActionExecutedContextSealed context)
   at Microsoft.AspNetCore.Mvc.Infrastructure.ControllerActionInvoker.Next(State& next, Scope& scope, Object& state, Boolean& isCompleted)
   at Microsoft.AspNetCore.Mvc.Infrastructure.ControllerActionInvoker.InvokeInnerFilterAsync()
--- End of stack trace from previous location ---
   at Microsoft.AspNetCore.Mvc.Infrastructure.ResourceInvoker.<InvokeFilterPipelineAsync>g__Awaited|20_0(ResourceInvoker invoker, Task lastTask, State next, Scope scope, Object state, Boolean isCompleted)
   at Microsoft.AspNetCore.Mvc.Infrastructure.ResourceInvoker.<InvokeAsync>g__Awaited|17_0(ResourceInvoker invoker, Task task, IDisposable scope)
   at Microsoft.AspNetCore.Mvc.Infrastructure.ResourceInvoker.<InvokeAsync>g__Awaited|17_0(ResourceInvoker invoker, Task task, IDisposable scope)
   at Microsoft.AspNetCore.Authorization.AuthorizationMiddleware.Invoke(HttpContext context)
   at Microsoft.AspNetCore.Authentication.AuthenticationMiddleware.Invoke(HttpContext context)
   at Swashbuckle.AspNetCore.SwaggerUI.SwaggerUIMiddleware.Invoke(HttpContext httpContext)
   at Swashbuckle.AspNetCore.Swagger.SwaggerMiddleware.Invoke(HttpContext httpContext, ISwaggerProvider swaggerProvider)
   at WMS.API.Middleware.RequestLoggingMiddleware.InvokeAsync(HttpContext context) in C:\Users\admin\Documents\GitHub\Warehouse Management System\src\WMS.API\Middleware\RequestLoggingMiddleware.cs:line 18
   at WMS.API.Middleware.ExceptionHandlerMiddleware.InvokeAsync(HttpContext context) in C:\Users\admin\Documents\GitHub\Warehouse Management System\src\WMS.API\Middleware\ExceptionHandlerMiddleware.cs:line 21
2026-08-25 01:30:39.110 +07:00 [INF] HTTP POST /api/v1/auth/login started
2026-08-25 01:30:39.141 +07:00 [INF] Executed DbCommand (1ms) [Parameters=[@__dto_Username_0='?' (Size = 50)], CommandType='"Text"', CommandTimeout='30']
SELECT TOP(1) [u].[Id], [u].[CreatedAt], [u].[CreatedBy], [u].[Email], [u].[IsActive], [u].[IsDeleted], [u].[PasswordHash], [u].[Role], [u].[UpdatedAt], [u].[UpdatedBy], [u].[Username], [u].[WarehouseId]
FROM [Users] AS [u]
WHERE [u].[IsDeleted] = CAST(0 AS bit) AND [u].[Username] = @__dto_Username_0 AND [u].[IsDeleted] = CAST(0 AS bit) AND [u].[IsActive] = CAST(1 AS bit)
2026-08-25 01:30:40.110 +07:00 [ERR] Unhandled exception: Invalid username or password.
WMS.Application.Common.BusinessException: Invalid username or password.
   at WMS.Application.Services.Security.AuthService.LoginAsync(LoginDto dto, CancellationToken ct) in C:\Users\admin\Documents\GitHub\Warehouse Management System\src\WMS.Application\Services\Security\AuthService.cs:line 44
   at WMS.API.Controllers.AuthController.Login(LoginDto dto, CancellationToken ct) in C:\Users\admin\Documents\GitHub\Warehouse Management System\src\WMS.API\Controllers\AuthController.cs:line 23
   at lambda_method12(Closure, Object)
   at Microsoft.AspNetCore.Mvc.Infrastructure.ActionMethodExecutor.AwaitableObjectResultExecutor.Execute(ActionContext actionContext, IActionResultTypeMapper mapper, ObjectMethodExecutor executor, Object controller, Object[] arguments)
   at Microsoft.AspNetCore.Mvc.Infrastructure.ControllerActionInvoker.<InvokeActionMethodAsync>g__Awaited|12_0(ControllerActionInvoker invoker, ValueTask`1 actionResultValueTask)
   at Microsoft.AspNetCore.Mvc.Infrastructure.ControllerActionInvoker.<InvokeNextActionFilterAsync>g__Awaited|10_0(ControllerActionInvoker invoker, Task lastTask, State next, Scope scope, Object state, Boolean isCompleted)
   at Microsoft.AspNetCore.Mvc.Infrastructure.ControllerActionInvoker.Rethrow(ActionExecutedContextSealed context)
   at Microsoft.AspNetCore.Mvc.Infrastructure.ControllerActionInvoker.Next(State& next, Scope& scope, Object& state, Boolean& isCompleted)
   at Microsoft.AspNetCore.Mvc.Infrastructure.ControllerActionInvoker.InvokeInnerFilterAsync()
--- End of stack trace from previous location ---
   at Microsoft.AspNetCore.Mvc.Infrastructure.ResourceInvoker.<InvokeFilterPipelineAsync>g__Awaited|20_0(ResourceInvoker invoker, Task lastTask, State next, Scope scope, Object state, Boolean isCompleted)
   at Microsoft.AspNetCore.Mvc.Infrastructure.ResourceInvoker.<InvokeAsync>g__Awaited|17_0(ResourceInvoker invoker, Task task, IDisposable scope)
   at Microsoft.AspNetCore.Mvc.Infrastructure.ResourceInvoker.<InvokeAsync>g__Awaited|17_0(ResourceInvoker invoker, Task task, IDisposable scope)
   at Microsoft.AspNetCore.Authorization.AuthorizationMiddleware.Invoke(HttpContext context)
   at Microsoft.AspNetCore.Authentication.AuthenticationMiddleware.Invoke(HttpContext context)
   at Swashbuckle.AspNetCore.SwaggerUI.SwaggerUIMiddleware.Invoke(HttpContext httpContext)
   at Swashbuckle.AspNetCore.Swagger.SwaggerMiddleware.Invoke(HttpContext httpContext, ISwaggerProvider swaggerProvider)
   at WMS.API.Middleware.RequestLoggingMiddleware.InvokeAsync(HttpContext context) in C:\Users\admin\Documents\GitHub\Warehouse Management System\src\WMS.API\Middleware\RequestLoggingMiddleware.cs:line 18
   at WMS.API.Middleware.ExceptionHandlerMiddleware.InvokeAsync(HttpContext context) in C:\Users\admin\Documents\GitHub\Warehouse Management System\src\WMS.API\Middleware\ExceptionHandlerMiddleware.cs:line 21
2026-08-25 01:31:43.503 +07:00 [INF] HTTP POST /api/v1/auth/login started
2026-08-25 01:31:54.950 +07:00 [INF] Executed DbCommand (34ms) [Parameters=[@__dto_Username_0='?' (Size = 50)], CommandType='"Text"', CommandTimeout='30']
SELECT TOP(1) [u].[Id], [u].[CreatedAt], [u].[CreatedBy], [u].[Email], [u].[IsActive], [u].[IsDeleted], [u].[PasswordHash], [u].[Role], [u].[UpdatedAt], [u].[UpdatedBy], [u].[Username], [u].[WarehouseId]
FROM [Users] AS [u]
WHERE [u].[IsDeleted] = CAST(0 AS bit) AND [u].[Username] = @__dto_Username_0 AND [u].[IsDeleted] = CAST(0 AS bit) AND [u].[IsActive] = CAST(1 AS bit)
2026-08-25 01:31:55.930 +07:00 [ERR] Unhandled exception: Invalid username or password.
WMS.Application.Common.BusinessException: Invalid username or password.
   at WMS.Application.Services.Security.AuthService.LoginAsync(LoginDto dto, CancellationToken ct) in C:\Users\admin\Documents\GitHub\Warehouse Management System\src\WMS.Application\Services\Security\AuthService.cs:line 44
   at WMS.API.Controllers.AuthController.Login(LoginDto dto, CancellationToken ct) in C:\Users\admin\Documents\GitHub\Warehouse Management System\src\WMS.API\Controllers\AuthController.cs:line 23
   at lambda_method12(Closure, Object)
   at Microsoft.AspNetCore.Mvc.Infrastructure.ActionMethodExecutor.AwaitableObjectResultExecutor.Execute(ActionContext actionContext, IActionResultTypeMapper mapper, ObjectMethodExecutor executor, Object controller, Object[] arguments)
   at Microsoft.AspNetCore.Mvc.Infrastructure.ControllerActionInvoker.<InvokeActionMethodAsync>g__Awaited|12_0(ControllerActionInvoker invoker, ValueTask`1 actionResultValueTask)
   at Microsoft.AspNetCore.Mvc.Infrastructure.ControllerActionInvoker.<InvokeNextActionFilterAsync>g__Awaited|10_0(ControllerActionInvoker invoker, Task lastTask, State next, Scope scope, Object state, Boolean isCompleted)
   at Microsoft.AspNetCore.Mvc.Infrastructure.ControllerActionInvoker.Rethrow(ActionExecutedContextSealed context)
   at Microsoft.AspNetCore.Mvc.Infrastructure.ControllerActionInvoker.Next(State& next, Scope& scope, Object& state, Boolean& isCompleted)
   at Microsoft.AspNetCore.Mvc.Infrastructure.ControllerActionInvoker.InvokeInnerFilterAsync()
--- End of stack trace from previous location ---
   at Microsoft.AspNetCore.Mvc.Infrastructure.ResourceInvoker.<InvokeFilterPipelineAsync>g__Awaited|20_0(ResourceInvoker invoker, Task lastTask, State next, Scope scope, Object state, Boolean isCompleted)
   at Microsoft.AspNetCore.Mvc.Infrastructure.ResourceInvoker.<InvokeAsync>g__Awaited|17_0(ResourceInvoker invoker, Task task, IDisposable scope)
   at Microsoft.AspNetCore.Mvc.Infrastructure.ResourceInvoker.<InvokeAsync>g__Awaited|17_0(ResourceInvoker invoker, Task task, IDisposable scope)
   at Microsoft.AspNetCore.Authorization.AuthorizationMiddleware.Invoke(HttpContext context)
   at Microsoft.AspNetCore.Authentication.AuthenticationMiddleware.Invoke(HttpContext context)
   at Swashbuckle.AspNetCore.SwaggerUI.SwaggerUIMiddleware.Invoke(HttpContext httpContext)
   at Swashbuckle.AspNetCore.Swagger.SwaggerMiddleware.Invoke(HttpContext httpContext, ISwaggerProvider swaggerProvider)
   at WMS.API.Middleware.RequestLoggingMiddleware.InvokeAsync(HttpContext context) in C:\Users\admin\Documents\GitHub\Warehouse Management System\src\WMS.API\Middleware\RequestLoggingMiddleware.cs:line 18
   at WMS.API.Middleware.ExceptionHandlerMiddleware.InvokeAsync(HttpContext context) in C:\Users\admin\Documents\GitHub\Warehouse Management System\src\WMS.API\Middleware\ExceptionHandlerMiddleware.cs:line 21
2026-08-25 01:38:24.824 +07:00 [INF] HTTP POST /api/v1/auth/login started
2026-08-25 01:38:24.903 +07:00 [INF] Executed DbCommand (17ms) [Parameters=[@__dto_Username_0='?' (Size = 50)], CommandType='"Text"', CommandTimeout='30']
SELECT TOP(1) [u].[Id], [u].[CreatedAt], [u].[CreatedBy], [u].[Email], [u].[IsActive], [u].[IsDeleted], [u].[PasswordHash], [u].[Role], [u].[UpdatedAt], [u].[UpdatedBy], [u].[Username], [u].[WarehouseId]
FROM [Users] AS [u]
WHERE [u].[IsDeleted] = CAST(0 AS bit) AND [u].[Username] = @__dto_Username_0 AND [u].[IsDeleted] = CAST(0 AS bit) AND [u].[IsActive] = CAST(1 AS bit)
2026-08-25 01:38:26.393 +07:00 [INF] HTTP POST /api/v1/auth/login responded 200 in 1569.1413ms
2026-08-25 01:44:39.384 +07:00 [INF] Executed DbCommand (158ms) [Parameters=[], CommandType='"Text"', CommandTimeout='30']
SELECT 1
2026-08-25 01:44:39.866 +07:00 [INF] Executed DbCommand (149ms) [Parameters=[], CommandType='"Text"', CommandTimeout='30']
SELECT OBJECT_ID(N'[__EFMigrationsHistory]');
2026-08-25 01:44:39.894 +07:00 [INF] Executed DbCommand (2ms) [Parameters=[], CommandType='"Text"', CommandTimeout='30']
SELECT 1
2026-08-25 01:44:39.910 +07:00 [INF] Executed DbCommand (3ms) [Parameters=[], CommandType='"Text"', CommandTimeout='30']
SELECT OBJECT_ID(N'[__EFMigrationsHistory]');
2026-08-25 01:44:40.057 +07:00 [INF] Executed DbCommand (35ms) [Parameters=[], CommandType='"Text"', CommandTimeout='30']
SELECT [MigrationId], [ProductVersion]
FROM [__EFMigrationsHistory]
ORDER BY [MigrationId];
2026-08-25 01:44:41.855 +07:00 [INF] Executed DbCommand (34ms) [Parameters=[], CommandType='"Text"', CommandTimeout='30']
SELECT CASE
    WHEN EXISTS (
        SELECT 1
        FROM [UnitsOfMeasure] AS [u]
        WHERE [u].[IsDeleted] = CAST(0 AS bit)) THEN CAST(1 AS bit)
    ELSE CAST(0 AS bit)
END
2026-08-25 01:44:41.923 +07:00 [INF] Executed DbCommand (16ms) [Parameters=[], CommandType='"Text"', CommandTimeout='30']
SELECT CASE
    WHEN EXISTS (
        SELECT 1
        FROM [Warehouses] AS [w]
        WHERE [w].[IsDeleted] = CAST(0 AS bit)) THEN CAST(1 AS bit)
    ELSE CAST(0 AS bit)
END
2026-08-25 01:44:41.961 +07:00 [INF] Executed DbCommand (10ms) [Parameters=[], CommandType='"Text"', CommandTimeout='30']
SELECT CASE
    WHEN EXISTS (
        SELECT 1
        FROM [Users] AS [u]
        WHERE [u].[IsDeleted] = CAST(0 AS bit)) THEN CAST(1 AS bit)
    ELSE CAST(0 AS bit)
END
2026-08-25 01:45:11.498 +07:00 [INF] HTTP POST /api/v1/auth/login started
2026-08-25 01:45:11.843 +07:00 [WRN] Failed to determine the https port for redirect.
2026-08-25 01:45:13.826 +07:00 [INF] Executed DbCommand (140ms) [Parameters=[@__dto_Username_0='?' (Size = 50)], CommandType='"Text"', CommandTimeout='30']
SELECT TOP(1) [u].[Id], [u].[CreatedAt], [u].[CreatedBy], [u].[Email], [u].[IsActive], [u].[IsDeleted], [u].[PasswordHash], [u].[Role], [u].[UpdatedAt], [u].[UpdatedBy], [u].[Username], [u].[WarehouseId]
FROM [Users] AS [u]
WHERE [u].[IsDeleted] = CAST(0 AS bit) AND [u].[Username] = @__dto_Username_0 AND [u].[IsDeleted] = CAST(0 AS bit) AND [u].[IsActive] = CAST(1 AS bit)
2026-08-25 01:45:18.009 +07:00 [INF] HTTP POST /api/v1/auth/login responded 200 in 6548.5786ms
2026-08-25 01:45:18.260 +07:00 [INF] HTTP GET /api/v1/items started
2026-08-25 01:45:20.415 +07:00 [INF] Executed DbCommand (67ms) [Parameters=[], CommandType='"Text"', CommandTimeout='30']
SELECT COUNT(*)
FROM [Items] AS [i]
WHERE [i].[IsDeleted] = CAST(0 AS bit) AND [i].[IsDeleted] = CAST(0 AS bit)
2026-08-25 01:45:20.627 +07:00 [INF] Executed DbCommand (76ms) [Parameters=[@__p_0='?' (DbType = Int32), @__p_1='?' (DbType = Int32)], CommandType='"Text"', CommandTimeout='30']
SELECT [i].[Id], [i].[Category], [i].[CreatedAt], [i].[CreatedBy], [i].[Description], [i].[IsActive], [i].[IsDeleted], [i].[ItemCode], [i].[ItemName], [i].[MaxStock], [i].[MinStock], [i].[UOM], [i].[UpdatedAt], [i].[UpdatedBy]
FROM [Items] AS [i]
WHERE [i].[IsDeleted] = CAST(0 AS bit) AND [i].[IsDeleted] = CAST(0 AS bit)
ORDER BY [i].[ItemCode]
OFFSET @__p_0 ROWS FETCH NEXT @__p_1 ROWS ONLY
2026-08-25 01:45:21.298 +07:00 [INF] HTTP GET /api/v1/items responded 200 in 3037.1281ms
2026-08-25 01:45:21.482 +07:00 [INF] HTTP GET /api/v1/warehouses started
2026-08-25 01:45:21.645 +07:00 [INF] Executed DbCommand (58ms) [Parameters=[], CommandType='"Text"', CommandTimeout='30']
SELECT COUNT(*)
FROM [Warehouses] AS [w]
WHERE [w].[IsDeleted] = CAST(0 AS bit) AND [w].[IsDeleted] = CAST(0 AS bit)
2026-08-25 01:45:21.802 +07:00 [INF] Executed DbCommand (12ms) [Parameters=[@__p_0='?' (DbType = Int32), @__p_1='?' (DbType = Int32)], CommandType='"Text"', CommandTimeout='30']
SELECT [w].[Id], [w].[Address], [w].[CreatedAt], [w].[CreatedBy], [w].[IsActive], [w].[IsDeleted], [w].[UpdatedAt], [w].[UpdatedBy], [w].[WarehouseCode], [w].[WarehouseName]
FROM [Warehouses] AS [w]
WHERE [w].[IsDeleted] = CAST(0 AS bit) AND [w].[IsDeleted] = CAST(0 AS bit)
ORDER BY [w].[WarehouseCode]
OFFSET @__p_0 ROWS FETCH NEXT @__p_1 ROWS ONLY
2026-08-25 01:45:22.159 +07:00 [INF] HTTP GET /api/v1/warehouses responded 200 in 675.9283ms
2026-08-25 01:45:22.222 +07:00 [INF] HTTP GET /api/v1/vendors started
2026-08-25 01:45:22.332 +07:00 [INF] Executed DbCommand (32ms) [Parameters=[], CommandType='"Text"', CommandTimeout='30']
SELECT COUNT(*)
FROM [Vendors] AS [v]
WHERE [v].[IsDeleted] = CAST(0 AS bit) AND [v].[IsDeleted] = CAST(0 AS bit)
2026-08-25 01:45:22.414 +07:00 [INF] Executed DbCommand (19ms) [Parameters=[@__p_0='?' (DbType = Int32), @__p_1='?' (DbType = Int32)], CommandType='"Text"', CommandTimeout='30']
SELECT [v].[Id], [v].[Address], [v].[Contact], [v].[CreatedAt], [v].[CreatedBy], [v].[IsActive], [v].[IsDeleted], [v].[UpdatedAt], [v].[UpdatedBy], [v].[VendorCode], [v].[VendorName]
FROM [Vendors] AS [v]
WHERE [v].[IsDeleted] = CAST(0 AS bit) AND [v].[IsDeleted] = CAST(0 AS bit)
ORDER BY [v].[VendorCode]
OFFSET @__p_0 ROWS FETCH NEXT @__p_1 ROWS ONLY
2026-08-25 01:45:22.638 +07:00 [INF] HTTP GET /api/v1/vendors responded 200 in 416.0127ms
2026-08-25 01:45:22.763 +07:00 [INF] HTTP GET /api/v1/locations started
2026-08-25 01:45:22.908 +07:00 [INF] Executed DbCommand (29ms) [Parameters=[], CommandType='"Text"', CommandTimeout='30']
SELECT COUNT(*)
FROM [Locations] AS [l]
WHERE [l].[IsDeleted] = CAST(0 AS bit) AND [l].[IsDeleted] = CAST(0 AS bit)
2026-08-25 01:45:23.338 +07:00 [INF] Executed DbCommand (43ms) [Parameters=[@__p_0='?' (DbType = Int32), @__p_1='?' (DbType = Int32)], CommandType='"Text"', CommandTimeout='30']
SELECT [t].[Id], [t].[Aisle], [t].[CreatedAt], [t].[CreatedBy], [t].[IsActive], [t].[IsDeleted], [t].[Level], [t].[LocationCode], [t].[Rack], [t].[UpdatedAt], [t].[UpdatedBy], [t].[WarehouseId], [t0].[Id], [t0].[Address], [t0].[CreatedAt], [t0].[CreatedBy], [t0].[IsActive], [t0].[IsDeleted], [t0].[UpdatedAt], [t0].[UpdatedBy], [t0].[WarehouseCode], [t0].[WarehouseName]
FROM (
    SELECT [l].[Id], [l].[Aisle], [l].[CreatedAt], [l].[CreatedBy], [l].[IsActive], [l].[IsDeleted], [l].[Level], [l].[LocationCode], [l].[Rack], [l].[UpdatedAt], [l].[UpdatedBy], [l].[WarehouseId]
    FROM [Locations] AS [l]
    WHERE [l].[IsDeleted] = CAST(0 AS bit) AND [l].[IsDeleted] = CAST(0 AS bit)
    ORDER BY [l].[LocationCode]
    OFFSET @__p_0 ROWS FETCH NEXT @__p_1 ROWS ONLY
) AS [t]
INNER JOIN (
    SELECT [w].[Id], [w].[Address], [w].[CreatedAt], [w].[CreatedBy], [w].[IsActive], [w].[IsDeleted], [w].[UpdatedAt], [w].[UpdatedBy], [w].[WarehouseCode], [w].[WarehouseName]
    FROM [Warehouses] AS [w]
    WHERE [w].[IsDeleted] = CAST(0 AS bit)
) AS [t0] ON [t].[WarehouseId] = [t0].[Id]
ORDER BY [t].[LocationCode]
2026-08-25 01:45:23.702 +07:00 [ERR] Unhandled exception: Error mapping types.

Mapping types:
List`1 -> IEnumerable`1
System.Collections.Generic.List`1[[WMS.Domain.Entities.MasterData.Location, WMS.Domain, Version=1.0.0.0, Culture=neutral, PublicKeyToken=null]] -> System.Collections.Generic.IEnumerable`1[[WMS.Application.DTOs.MasterData.LocationDto, WMS.Application, Version=1.0.0.0, Culture=neutral, PublicKeyToken=null]]
AutoMapper.AutoMapperMappingException: Error mapping types.

Mapping types:
List`1 -> IEnumerable`1
System.Collections.Generic.List`1[[WMS.Domain.Entities.MasterData.Location, WMS.Domain, Version=1.0.0.0, Culture=neutral, PublicKeyToken=null]] -> System.Collections.Generic.IEnumerable`1[[WMS.Application.DTOs.MasterData.LocationDto, WMS.Application, Version=1.0.0.0, Culture=neutral, PublicKeyToken=null]]
 ---> System.ArgumentException: WMS.Application.DTOs.MasterData.LocationDto needs to have a constructor with 0 args or only optional args. Validate your configuration for details. (Parameter 'type')
   at lambda_method491(Closure, Object, IEnumerable`1, ResolutionContext)
   --- End of inner exception stack trace ---
   at lambda_method491(Closure, Object, IEnumerable`1, ResolutionContext)
   at WMS.Application.Services.MasterData.LocationService.GetAllAsync(PaginationParams pagination, Nullable`1 warehouseId, CancellationToken ct) in C:\Users\admin\Documents\GitHub\Warehouse Management System\src\WMS.Application\Services\MasterData\LocationService.cs:line 40
   at WMS.API.Controllers.LocationsController.GetAll(PaginationParams pagination, Nullable`1 warehouseId, CancellationToken ct) in C:\Users\admin\Documents\GitHub\Warehouse Management System\src\WMS.API\Controllers\LocationsController.cs:line 18
   at lambda_method373(Closure, Object)
   at Microsoft.AspNetCore.Mvc.Infrastructure.ActionMethodExecutor.AwaitableObjectResultExecutor.Execute(ActionContext actionContext, IActionResultTypeMapper mapper, ObjectMethodExecutor executor, Object controller, Object[] arguments)
   at Microsoft.AspNetCore.Mvc.Infrastructure.ControllerActionInvoker.<InvokeActionMethodAsync>g__Awaited|12_0(ControllerActionInvoker invoker, ValueTask`1 actionResultValueTask)
   at Microsoft.AspNetCore.Mvc.Infrastructure.ControllerActionInvoker.<InvokeNextActionFilterAsync>g__Awaited|10_0(ControllerActionInvoker invoker, Task lastTask, State next, Scope scope, Object state, Boolean isCompleted)
   at Microsoft.AspNetCore.Mvc.Infrastructure.ControllerActionInvoker.Rethrow(ActionExecutedContextSealed context)
   at Microsoft.AspNetCore.Mvc.Infrastructure.ControllerActionInvoker.Next(State& next, Scope& scope, Object& state, Boolean& isCompleted)
   at Microsoft.AspNetCore.Mvc.Infrastructure.ControllerActionInvoker.<InvokeInnerFilterAsync>g__Awaited|13_0(ControllerActionInvoker invoker, Task lastTask, State next, Scope scope, Object state, Boolean isCompleted)
   at Microsoft.AspNetCore.Mvc.Infrastructure.ResourceInvoker.<InvokeFilterPipelineAsync>g__Awaited|20_0(ResourceInvoker invoker, Task lastTask, State next, Scope scope, Object state, Boolean isCompleted)
   at Microsoft.AspNetCore.Mvc.Infrastructure.ResourceInvoker.<InvokeAsync>g__Awaited|17_0(ResourceInvoker invoker, Task task, IDisposable scope)
   at Microsoft.AspNetCore.Mvc.Infrastructure.ResourceInvoker.<InvokeAsync>g__Awaited|17_0(ResourceInvoker invoker, Task task, IDisposable scope)
   at Microsoft.AspNetCore.Authorization.AuthorizationMiddleware.Invoke(HttpContext context)
   at Microsoft.AspNetCore.Authentication.AuthenticationMiddleware.Invoke(HttpContext context)
   at Swashbuckle.AspNetCore.SwaggerUI.SwaggerUIMiddleware.Invoke(HttpContext httpContext)
   at Swashbuckle.AspNetCore.Swagger.SwaggerMiddleware.Invoke(HttpContext httpContext, ISwaggerProvider swaggerProvider)
   at WMS.API.Middleware.RequestLoggingMiddleware.InvokeAsync(HttpContext context) in C:\Users\admin\Documents\GitHub\Warehouse Management System\src\WMS.API\Middleware\RequestLoggingMiddleware.cs:line 18
   at WMS.API.Middleware.ExceptionHandlerMiddleware.InvokeAsync(HttpContext context) in C:\Users\admin\Documents\GitHub\Warehouse Management System\src\WMS.API\Middleware\ExceptionHandlerMiddleware.cs:line 21
2026-08-25 01:45:24.306 +07:00 [INF] HTTP GET /api/v1/purchase-orders started
2026-08-25 01:45:24.317 +07:00 [INF] HTTP GET /api/v1/purchase-orders responded 404 in 10.4412ms
2026-08-25 01:45:49.045 +07:00 [INF] HTTP GET /api/v1/items started
2026-08-25 01:45:49.109 +07:00 [INF] Executed DbCommand (13ms) [Parameters=[], CommandType='"Text"', CommandTimeout='30']
SELECT COUNT(*)
FROM [Items] AS [i]
WHERE [i].[IsDeleted] = CAST(0 AS bit) AND [i].[IsDeleted] = CAST(0 AS bit)
2026-08-25 01:45:49.144 +07:00 [INF] Executed DbCommand (13ms) [Parameters=[@__p_0='?' (DbType = Int32), @__p_1='?' (DbType = Int32)], CommandType='"Text"', CommandTimeout='30']
SELECT [i].[Id], [i].[Category], [i].[CreatedAt], [i].[CreatedBy], [i].[Description], [i].[IsActive], [i].[IsDeleted], [i].[ItemCode], [i].[ItemName], [i].[MaxStock], [i].[MinStock], [i].[UOM], [i].[UpdatedAt], [i].[UpdatedBy]
FROM [Items] AS [i]
WHERE [i].[IsDeleted] = CAST(0 AS bit) AND [i].[IsDeleted] = CAST(0 AS bit)
ORDER BY [i].[ItemCode]
OFFSET @__p_0 ROWS FETCH NEXT @__p_1 ROWS ONLY
2026-08-25 01:45:49.180 +07:00 [INF] HTTP GET /api/v1/items responded 200 in 134.9253ms
2026-08-25 01:45:55.798 +07:00 [INF] HTTP GET /api/v1/stock/balances started
2026-08-25 01:45:55.915 +07:00 [INF] Executed DbCommand (18ms) [Parameters=[], CommandType='"Text"', CommandTimeout='30']
SELECT COUNT(*)
FROM [StockBalances] AS [s]
WHERE [s].[IsDeleted] = CAST(0 AS bit) AND [s].[IsDeleted] = CAST(0 AS bit) AND [s].[AvailableQty] > 0.0
2026-08-25 01:45:56.149 +07:00 [INF] Executed DbCommand (105ms) [Parameters=[@__p_0='?' (DbType = Int32), @__p_1='?' (DbType = Int32)], CommandType='"Text"', CommandTimeout='30']
SELECT [t0].[Id], [t0].[AvailableQty], [t0].[CreatedAt], [t0].[CreatedBy], [t0].[IsDeleted], [t0].[ItemId], [t0].[LocationId], [t0].[ReservedQty], [t0].[UpdatedAt], [t0].[UpdatedBy], [t0].[Id0], [t0].[Category], [t0].[CreatedAt0], [t0].[CreatedBy0], [t0].[Description], [t0].[IsActive], [t0].[IsDeleted0], [t0].[ItemCode], [t0].[ItemName], [t0].[MaxStock], [t0].[MinStock], [t0].[UOM], [t0].[UpdatedAt0], [t0].[UpdatedBy0], [t1].[Id], [t1].[Aisle], [t1].[CreatedAt], [t1].[CreatedBy], [t1].[IsActive], [t1].[IsDeleted], [t1].[Level], [t1].[LocationCode], [t1].[Rack], [t1].[UpdatedAt], [t1].[UpdatedBy], [t1].[WarehouseId], [t2].[Id], [t2].[Address], [t2].[CreatedAt], [t2].[CreatedBy], [t2].[IsActive], [t2].[IsDeleted], [t2].[UpdatedAt], [t2].[UpdatedBy], [t2].[WarehouseCode], [t2].[WarehouseName]
FROM (
    SELECT [s].[Id], [s].[AvailableQty], [s].[CreatedAt], [s].[CreatedBy], [s].[IsDeleted], [s].[ItemId], [s].[LocationId], [s].[ReservedQty], [s].[UpdatedAt], [s].[UpdatedBy], [t].[Id] AS [Id0], [t].[Category], [t].[CreatedAt] AS [CreatedAt0], [t].[CreatedBy] AS [CreatedBy0], [t].[Description], [t].[IsActive], [t].[IsDeleted] AS [IsDeleted0], [t].[ItemCode], [t].[ItemName], [t].[MaxStock], [t].[MinStock], [t].[UOM], [t].[UpdatedAt] AS [UpdatedAt0], [t].[UpdatedBy] AS [UpdatedBy0]
    FROM [StockBalances] AS [s]
    INNER JOIN (
        SELECT [i].[Id], [i].[Category], [i].[CreatedAt], [i].[CreatedBy], [i].[Description], [i].[IsActive], [i].[IsDeleted], [i].[ItemCode], [i].[ItemName], [i].[MaxStock], [i].[MinStock], [i].[UOM], [i].[UpdatedAt], [i].[UpdatedBy]
        FROM [Items] AS [i]
        WHERE [i].[IsDeleted] = CAST(0 AS bit)
    ) AS [t] ON [s].[ItemId] = [t].[Id]
    WHERE [s].[IsDeleted] = CAST(0 AS bit) AND [s].[IsDeleted] = CAST(0 AS bit) AND [s].[AvailableQty] > 0.0
    ORDER BY [t].[ItemCode]
    OFFSET @__p_0 ROWS FETCH NEXT @__p_1 ROWS ONLY
) AS [t0]
INNER JOIN (
    SELECT [l].[Id], [l].[Aisle], [l].[CreatedAt], [l].[CreatedBy], [l].[IsActive], [l].[IsDeleted], [l].[Level], [l].[LocationCode], [l].[Rack], [l].[UpdatedAt], [l].[UpdatedBy], [l].[WarehouseId]
    FROM [Locations] AS [l]
    WHERE [l].[IsDeleted] = CAST(0 AS bit)
) AS [t1] ON [t0].[LocationId] = [t1].[Id]
INNER JOIN (
    SELECT [w].[Id], [w].[Address], [w].[CreatedAt], [w].[CreatedBy], [w].[IsActive], [w].[IsDeleted], [w].[UpdatedAt], [w].[UpdatedBy], [w].[WarehouseCode], [w].[WarehouseName]
    FROM [Warehouses] AS [w]
    WHERE [w].[IsDeleted] = CAST(0 AS bit)
) AS [t2] ON [t1].[WarehouseId] = [t2].[Id]
ORDER BY [t0].[ItemCode]
2026-08-25 01:45:56.306 +07:00 [INF] HTTP GET /api/v1/stock/balances responded 200 in 508.148ms
2026-08-25 01:45:59.448 +07:00 [INF] HTTP GET /api/v1/items started
2026-08-25 01:45:59.518 +07:00 [INF] Executed DbCommand (13ms) [Parameters=[], CommandType='"Text"', CommandTimeout='30']
SELECT COUNT(*)
FROM [Items] AS [i]
WHERE [i].[IsDeleted] = CAST(0 AS bit) AND [i].[IsDeleted] = CAST(0 AS bit)
2026-08-25 01:45:59.544 +07:00 [INF] Executed DbCommand (9ms) [Parameters=[@__p_0='?' (DbType = Int32), @__p_1='?' (DbType = Int32)], CommandType='"Text"', CommandTimeout='30']
SELECT [i].[Id], [i].[Category], [i].[CreatedAt], [i].[CreatedBy], [i].[Description], [i].[IsActive], [i].[IsDeleted], [i].[ItemCode], [i].[ItemName], [i].[MaxStock], [i].[MinStock], [i].[UOM], [i].[UpdatedAt], [i].[UpdatedBy]
FROM [Items] AS [i]
WHERE [i].[IsDeleted] = CAST(0 AS bit) AND [i].[IsDeleted] = CAST(0 AS bit)
ORDER BY [i].[ItemCode]
OFFSET @__p_0 ROWS FETCH NEXT @__p_1 ROWS ONLY
2026-08-25 01:45:59.587 +07:00 [INF] HTTP GET /api/v1/items responded 200 in 139.5517ms
2026-08-25 01:46:05.637 +07:00 [INF] HTTP GET /api/v1/warehouses started
2026-08-25 01:46:05.692 +07:00 [INF] Executed DbCommand (5ms) [Parameters=[], CommandType='"Text"', CommandTimeout='30']
SELECT COUNT(*)
FROM [Warehouses] AS [w]
WHERE [w].[IsDeleted] = CAST(0 AS bit) AND [w].[IsDeleted] = CAST(0 AS bit)
2026-08-25 01:46:05.722 +07:00 [INF] Executed DbCommand (6ms) [Parameters=[@__p_0='?' (DbType = Int32), @__p_1='?' (DbType = Int32)], CommandType='"Text"', CommandTimeout='30']
SELECT [w].[Id], [w].[Address], [w].[CreatedAt], [w].[CreatedBy], [w].[IsActive], [w].[IsDeleted], [w].[UpdatedAt], [w].[UpdatedBy], [w].[WarehouseCode], [w].[WarehouseName]
FROM [Warehouses] AS [w]
WHERE [w].[IsDeleted] = CAST(0 AS bit) AND [w].[IsDeleted] = CAST(0 AS bit)
ORDER BY [w].[WarehouseCode]
OFFSET @__p_0 ROWS FETCH NEXT @__p_1 ROWS ONLY
2026-08-25 01:46:05.810 +07:00 [INF] HTTP GET /api/v1/warehouses responded 200 in 172.3712ms
2026-08-25 01:46:14.178 +07:00 [INF] HTTP GET /api/v1/vendors started
2026-08-25 01:46:14.206 +07:00 [INF] Executed DbCommand (9ms) [Parameters=[], CommandType='"Text"', CommandTimeout='30']
SELECT COUNT(*)
FROM [Vendors] AS [v]
WHERE [v].[IsDeleted] = CAST(0 AS bit) AND [v].[IsDeleted] = CAST(0 AS bit)
2026-08-25 01:46:14.241 +07:00 [INF] Executed DbCommand (5ms) [Parameters=[@__p_0='?' (DbType = Int32), @__p_1='?' (DbType = Int32)], CommandType='"Text"', CommandTimeout='30']
SELECT [v].[Id], [v].[Address], [v].[Contact], [v].[CreatedAt], [v].[CreatedBy], [v].[IsActive], [v].[IsDeleted], [v].[UpdatedAt], [v].[UpdatedBy], [v].[VendorCode], [v].[VendorName]
FROM [Vendors] AS [v]
WHERE [v].[IsDeleted] = CAST(0 AS bit) AND [v].[IsDeleted] = CAST(0 AS bit)
ORDER BY [v].[VendorCode]
OFFSET @__p_0 ROWS FETCH NEXT @__p_1 ROWS ONLY
2026-08-25 01:46:14.315 +07:00 [INF] HTTP GET /api/v1/vendors responded 200 in 137.2033ms
2026-08-25 01:46:19.663 +07:00 [INF] HTTP GET /api/v1/purchase-orders started
2026-08-25 01:46:19.675 +07:00 [INF] HTTP GET /api/v1/purchase-orders responded 404 in 12.0695ms
2026-08-25 01:46:49.621 +07:00 [INF] HTTP GET /api/v1/purchase-orders started
2026-08-25 01:46:49.812 +07:00 [INF] HTTP GET /api/v1/purchase-orders responded 404 in 191.3116ms
2026-08-25 01:46:50.737 +07:00 [INF] HTTP GET /api/v1/grn started
2026-08-25 01:46:52.514 +07:00 [INF] Executed DbCommand (188ms) [Parameters=[], CommandType='"Text"', CommandTimeout='30']
SELECT COUNT(*)
FROM [GoodsReceiptNotes] AS [g]
WHERE [g].[IsDeleted] = CAST(0 AS bit) AND [g].[IsDeleted] = CAST(0 AS bit)
2026-08-25 01:46:53.912 +07:00 [INF] HTTP GET /api/v1/grn started
2026-08-25 01:47:00.528 +07:00 [INF] Executed DbCommand (83ms) [Parameters=[], CommandType='"Text"', CommandTimeout='30']
SELECT COUNT(*)
FROM [GoodsReceiptNotes] AS [g]
WHERE [g].[IsDeleted] = CAST(0 AS bit) AND [g].[IsDeleted] = CAST(0 AS bit)
2026-08-25 01:47:02.258 +07:00 [INF] Executed DbCommand (903ms) [Parameters=[@__p_0='?' (DbType = Int32), @__p_1='?' (DbType = Int32)], CommandType='"Text"', CommandTimeout='30']
SELECT [t].[Id], [t].[CreatedAt], [t].[CreatedBy], [t].[GRNDate], [t].[GRNNumber], [t].[IsDeleted], [t].[Notes], [t].[POId], [t].[ReceivedBy], [t].[Status], [t].[UpdatedAt], [t].[UpdatedBy], [t0].[Id], [t0].[CreatedAt], [t0].[CreatedBy], [t0].[IsDeleted], [t0].[Notes], [t0].[PODate], [t0].[PONumber], [t0].[Status], [t0].[UpdatedAt], [t0].[UpdatedBy], [t0].[VendorId], [t1].[Id], [t1].[CreatedAt], [t1].[CreatedBy], [t1].[GRNId], [t1].[IsDeleted], [t1].[ItemId], [t1].[PutAwayLocationId], [t1].[QCStatus], [t1].[ReceivedQty], [t1].[UpdatedAt], [t1].[UpdatedBy], [t1].[Id0], [t1].[Category], [t1].[CreatedAt0], [t1].[CreatedBy0], [t1].[Description], [t1].[IsActive], [t1].[IsDeleted0], [t1].[ItemCode], [t1].[ItemName], [t1].[MaxStock], [t1].[MinStock], [t1].[UOM], [t1].[UpdatedAt0], [t1].[UpdatedBy0], [t1].[Id1], [t1].[Aisle], [t1].[CreatedAt1], [t1].[CreatedBy1], [t1].[IsActive0], [t1].[IsDeleted1], [t1].[Level], [t1].[LocationCode], [t1].[Rack], [t1].[UpdatedAt1], [t1].[UpdatedBy1], [t1].[WarehouseId]
FROM (
    SELECT [g].[Id], [g].[CreatedAt], [g].[CreatedBy], [g].[GRNDate], [g].[GRNNumber], [g].[IsDeleted], [g].[Notes], [g].[POId], [g].[ReceivedBy], [g].[Status], [g].[UpdatedAt], [g].[UpdatedBy]
    FROM [GoodsReceiptNotes] AS [g]
    WHERE [g].[IsDeleted] = CAST(0 AS bit) AND [g].[IsDeleted] = CAST(0 AS bit)
    ORDER BY [g].[GRNDate] DESC
    OFFSET @__p_0 ROWS FETCH NEXT @__p_1 ROWS ONLY
) AS [t]
INNER JOIN (
    SELECT [p].[Id], [p].[CreatedAt], [p].[CreatedBy], [p].[IsDeleted], [p].[Notes], [p].[PODate], [p].[PONumber], [p].[Status], [p].[UpdatedAt], [p].[UpdatedBy], [p].[VendorId]
    FROM [PurchaseOrders] AS [p]
    WHERE [p].[IsDeleted] = CAST(0 AS bit)
) AS [t0] ON [t].[POId] = [t0].[Id]
LEFT JOIN (
    SELECT [g0].[Id], [g0].[CreatedAt], [g0].[CreatedBy], [g0].[GRNId], [g0].[IsDeleted], [g0].[ItemId], [g0].[PutAwayLocationId], [g0].[QCStatus], [g0].[ReceivedQty], [g0].[UpdatedAt], [g0].[UpdatedBy], [t2].[Id] AS [Id0], [t2].[Category], [t2].[CreatedAt] AS [CreatedAt0], [t2].[CreatedBy] AS [CreatedBy0], [t2].[Description], [t2].[IsActive], [t2].[IsDeleted] AS [IsDeleted0], [t2].[ItemCode], [t2].[ItemName], [t2].[MaxStock], [t2].[MinStock], [t2].[UOM], [t2].[UpdatedAt] AS [UpdatedAt0], [t2].[UpdatedBy] AS [UpdatedBy0], [t3].[Id] AS [Id1], [t3].[Aisle], [t3].[CreatedAt] AS [CreatedAt1], [t3].[CreatedBy] AS [CreatedBy1], [t3].[IsActive] AS [IsActive0], [t3].[IsDeleted] AS [IsDeleted1], [t3].[Level], [t3].[LocationCode], [t3].[Rack], [t3].[UpdatedAt] AS [UpdatedAt1], [t3].[UpdatedBy] AS [UpdatedBy1], [t3].[WarehouseId]
    FROM [GoodsReceiptNoteDetails] AS [g0]
    INNER JOIN (
        SELECT [i].[Id], [i].[Category], [i].[CreatedAt], [i].[CreatedBy], [i].[Description], [i].[IsActive], [i].[IsDeleted], [i].[ItemCode], [i].[ItemName], [i].[MaxStock], [i].[MinStock], [i].[UOM], [i].[UpdatedAt], [i].[UpdatedBy]
        FROM [Items] AS [i]
        WHERE [i].[IsDeleted] = CAST(0 AS bit)
    ) AS [t2] ON [g0].[ItemId] = [t2].[Id]
    LEFT JOIN (
        SELECT [l].[Id], [l].[Aisle], [l].[CreatedAt], [l].[CreatedBy], [l].[IsActive], [l].[IsDeleted], [l].[Level], [l].[LocationCode], [l].[Rack], [l].[UpdatedAt], [l].[UpdatedBy], [l].[WarehouseId]
        FROM [Locations] AS [l]
        WHERE [l].[IsDeleted] = CAST(0 AS bit)
    ) AS [t3] ON [g0].[PutAwayLocationId] = [t3].[Id]
    WHERE [g0].[IsDeleted] = CAST(0 AS bit)
) AS [t1] ON [t].[Id] = [t1].[GRNId]
ORDER BY [t].[GRNDate] DESC, [t].[Id], [t0].[Id], [t1].[Id], [t1].[Id0]
2026-08-25 01:47:02.526 +07:00 [INF] Executed DbCommand (1,212ms) [Parameters=[@__p_0='?' (DbType = Int32), @__p_1='?' (DbType = Int32)], CommandType='"Text"', CommandTimeout='30']
SELECT [t].[Id], [t].[CreatedAt], [t].[CreatedBy], [t].[GRNDate], [t].[GRNNumber], [t].[IsDeleted], [t].[Notes], [t].[POId], [t].[ReceivedBy], [t].[Status], [t].[UpdatedAt], [t].[UpdatedBy], [t0].[Id], [t0].[CreatedAt], [t0].[CreatedBy], [t0].[IsDeleted], [t0].[Notes], [t0].[PODate], [t0].[PONumber], [t0].[Status], [t0].[UpdatedAt], [t0].[UpdatedBy], [t0].[VendorId], [t1].[Id], [t1].[CreatedAt], [t1].[CreatedBy], [t1].[GRNId], [t1].[IsDeleted], [t1].[ItemId], [t1].[PutAwayLocationId], [t1].[QCStatus], [t1].[ReceivedQty], [t1].[UpdatedAt], [t1].[UpdatedBy], [t1].[Id0], [t1].[Category], [t1].[CreatedAt0], [t1].[CreatedBy0], [t1].[Description], [t1].[IsActive], [t1].[IsDeleted0], [t1].[ItemCode], [t1].[ItemName], [t1].[MaxStock], [t1].[MinStock], [t1].[UOM], [t1].[UpdatedAt0], [t1].[UpdatedBy0], [t1].[Id1], [t1].[Aisle], [t1].[CreatedAt1], [t1].[CreatedBy1], [t1].[IsActive0], [t1].[IsDeleted1], [t1].[Level], [t1].[LocationCode], [t1].[Rack], [t1].[UpdatedAt1], [t1].[UpdatedBy1], [t1].[WarehouseId]
FROM (
    SELECT [g].[Id], [g].[CreatedAt], [g].[CreatedBy], [g].[GRNDate], [g].[GRNNumber], [g].[IsDeleted], [g].[Notes], [g].[POId], [g].[ReceivedBy], [g].[Status], [g].[UpdatedAt], [g].[UpdatedBy]
    FROM [GoodsReceiptNotes] AS [g]
    WHERE [g].[IsDeleted] = CAST(0 AS bit) AND [g].[IsDeleted] = CAST(0 AS bit)
    ORDER BY [g].[GRNDate] DESC
    OFFSET @__p_0 ROWS FETCH NEXT @__p_1 ROWS ONLY
) AS [t]
INNER JOIN (
    SELECT [p].[Id], [p].[CreatedAt], [p].[CreatedBy], [p].[IsDeleted], [p].[Notes], [p].[PODate], [p].[PONumber], [p].[Status], [p].[UpdatedAt], [p].[UpdatedBy], [p].[VendorId]
    FROM [PurchaseOrders] AS [p]
    WHERE [p].[IsDeleted] = CAST(0 AS bit)
) AS [t0] ON [t].[POId] = [t0].[Id]
LEFT JOIN (
    SELECT [g0].[Id], [g0].[CreatedAt], [g0].[CreatedBy], [g0].[GRNId], [g0].[IsDeleted], [g0].[ItemId], [g0].[PutAwayLocationId], [g0].[QCStatus], [g0].[ReceivedQty], [g0].[UpdatedAt], [g0].[UpdatedBy], [t2].[Id] AS [Id0], [t2].[Category], [t2].[CreatedAt] AS [CreatedAt0], [t2].[CreatedBy] AS [CreatedBy0], [t2].[Description], [t2].[IsActive], [t2].[IsDeleted] AS [IsDeleted0], [t2].[ItemCode], [t2].[ItemName], [t2].[MaxStock], [t2].[MinStock], [t2].[UOM], [t2].[UpdatedAt] AS [UpdatedAt0], [t2].[UpdatedBy] AS [UpdatedBy0], [t3].[Id] AS [Id1], [t3].[Aisle], [t3].[CreatedAt] AS [CreatedAt1], [t3].[CreatedBy] AS [CreatedBy1], [t3].[IsActive] AS [IsActive0], [t3].[IsDeleted] AS [IsDeleted1], [t3].[Level], [t3].[LocationCode], [t3].[Rack], [t3].[UpdatedAt] AS [UpdatedAt1], [t3].[UpdatedBy] AS [UpdatedBy1], [t3].[WarehouseId]
    FROM [GoodsReceiptNoteDetails] AS [g0]
    INNER JOIN (
        SELECT [i].[Id], [i].[Category], [i].[CreatedAt], [i].[CreatedBy], [i].[Description], [i].[IsActive], [i].[IsDeleted], [i].[ItemCode], [i].[ItemName], [i].[MaxStock], [i].[MinStock], [i].[UOM], [i].[UpdatedAt], [i].[UpdatedBy]
        FROM [Items] AS [i]
        WHERE [i].[IsDeleted] = CAST(0 AS bit)
    ) AS [t2] ON [g0].[ItemId] = [t2].[Id]
    LEFT JOIN (
        SELECT [l].[Id], [l].[Aisle], [l].[CreatedAt], [l].[CreatedBy], [l].[IsActive], [l].[IsDeleted], [l].[Level], [l].[LocationCode], [l].[Rack], [l].[UpdatedAt], [l].[UpdatedBy], [l].[WarehouseId]
        FROM [Locations] AS [l]
        WHERE [l].[IsDeleted] = CAST(0 AS bit)
    ) AS [t3] ON [g0].[PutAwayLocationId] = [t3].[Id]
    WHERE [g0].[IsDeleted] = CAST(0 AS bit)
) AS [t1] ON [t].[Id] = [t1].[GRNId]
ORDER BY [t].[GRNDate] DESC, [t].[Id], [t0].[Id], [t1].[Id], [t1].[Id0]
2026-08-25 01:47:02.529 +07:00 [INF] HTTP GET /api/v1/grn started
2026-08-25 01:47:03.277 +07:00 [INF] HTTP GET /api/v1/grn responded 200 in 9364.9859ms
2026-08-25 01:47:03.290 +07:00 [INF] HTTP GET /api/v1/grn responded 200 in 12559.007ms
2026-08-25 01:47:03.595 +07:00 [INF] Executed DbCommand (143ms) [Parameters=[], CommandType='"Text"', CommandTimeout='30']
SELECT COUNT(*)
FROM [GoodsReceiptNotes] AS [g]
WHERE [g].[IsDeleted] = CAST(0 AS bit) AND [g].[IsDeleted] = CAST(0 AS bit)
2026-08-25 01:47:03.926 +07:00 [INF] Executed DbCommand (296ms) [Parameters=[@__p_0='?' (DbType = Int32), @__p_1='?' (DbType = Int32)], CommandType='"Text"', CommandTimeout='30']
SELECT [t].[Id], [t].[CreatedAt], [t].[CreatedBy], [t].[GRNDate], [t].[GRNNumber], [t].[IsDeleted], [t].[Notes], [t].[POId], [t].[ReceivedBy], [t].[Status], [t].[UpdatedAt], [t].[UpdatedBy], [t0].[Id], [t0].[CreatedAt], [t0].[CreatedBy], [t0].[IsDeleted], [t0].[Notes], [t0].[PODate], [t0].[PONumber], [t0].[Status], [t0].[UpdatedAt], [t0].[UpdatedBy], [t0].[VendorId], [t1].[Id], [t1].[CreatedAt], [t1].[CreatedBy], [t1].[GRNId], [t1].[IsDeleted], [t1].[ItemId], [t1].[PutAwayLocationId], [t1].[QCStatus], [t1].[ReceivedQty], [t1].[UpdatedAt], [t1].[UpdatedBy], [t1].[Id0], [t1].[Category], [t1].[CreatedAt0], [t1].[CreatedBy0], [t1].[Description], [t1].[IsActive], [t1].[IsDeleted0], [t1].[ItemCode], [t1].[ItemName], [t1].[MaxStock], [t1].[MinStock], [t1].[UOM], [t1].[UpdatedAt0], [t1].[UpdatedBy0], [t1].[Id1], [t1].[Aisle], [t1].[CreatedAt1], [t1].[CreatedBy1], [t1].[IsActive0], [t1].[IsDeleted1], [t1].[Level], [t1].[LocationCode], [t1].[Rack], [t1].[UpdatedAt1], [t1].[UpdatedBy1], [t1].[WarehouseId]
FROM (
    SELECT [g].[Id], [g].[CreatedAt], [g].[CreatedBy], [g].[GRNDate], [g].[GRNNumber], [g].[IsDeleted], [g].[Notes], [g].[POId], [g].[ReceivedBy], [g].[Status], [g].[UpdatedAt], [g].[UpdatedBy]
    FROM [GoodsReceiptNotes] AS [g]
    WHERE [g].[IsDeleted] = CAST(0 AS bit) AND [g].[IsDeleted] = CAST(0 AS bit)
    ORDER BY [g].[GRNDate] DESC
    OFFSET @__p_0 ROWS FETCH NEXT @__p_1 ROWS ONLY
) AS [t]
INNER JOIN (
    SELECT [p].[Id], [p].[CreatedAt], [p].[CreatedBy], [p].[IsDeleted], [p].[Notes], [p].[PODate], [p].[PONumber], [p].[Status], [p].[UpdatedAt], [p].[UpdatedBy], [p].[VendorId]
    FROM [PurchaseOrders] AS [p]
    WHERE [p].[IsDeleted] = CAST(0 AS bit)
) AS [t0] ON [t].[POId] = [t0].[Id]
LEFT JOIN (
    SELECT [g0].[Id], [g0].[CreatedAt], [g0].[CreatedBy], [g0].[GRNId], [g0].[IsDeleted], [g0].[ItemId], [g0].[PutAwayLocationId], [g0].[QCStatus], [g0].[ReceivedQty], [g0].[UpdatedAt], [g0].[UpdatedBy], [t2].[Id] AS [Id0], [t2].[Category], [t2].[CreatedAt] AS [CreatedAt0], [t2].[CreatedBy] AS [CreatedBy0], [t2].[Description], [t2].[IsActive], [t2].[IsDeleted] AS [IsDeleted0], [t2].[ItemCode], [t2].[ItemName], [t2].[MaxStock], [t2].[MinStock], [t2].[UOM], [t2].[UpdatedAt] AS [UpdatedAt0], [t2].[UpdatedBy] AS [UpdatedBy0], [t3].[Id] AS [Id1], [t3].[Aisle], [t3].[CreatedAt] AS [CreatedAt1], [t3].[CreatedBy] AS [CreatedBy1], [t3].[IsActive] AS [IsActive0], [t3].[IsDeleted] AS [IsDeleted1], [t3].[Level], [t3].[LocationCode], [t3].[Rack], [t3].[UpdatedAt] AS [UpdatedAt1], [t3].[UpdatedBy] AS [UpdatedBy1], [t3].[WarehouseId]
    FROM [GoodsReceiptNoteDetails] AS [g0]
    INNER JOIN (
        SELECT [i].[Id], [i].[Category], [i].[CreatedAt], [i].[CreatedBy], [i].[Description], [i].[IsActive], [i].[IsDeleted], [i].[ItemCode], [i].[ItemName], [i].[MaxStock], [i].[MinStock], [i].[UOM], [i].[UpdatedAt], [i].[UpdatedBy]
        FROM [Items] AS [i]
        WHERE [i].[IsDeleted] = CAST(0 AS bit)
    ) AS [t2] ON [g0].[ItemId] = [t2].[Id]
    LEFT JOIN (
        SELECT [l].[Id], [l].[Aisle], [l].[CreatedAt], [l].[CreatedBy], [l].[IsActive], [l].[IsDeleted], [l].[Level], [l].[LocationCode], [l].[Rack], [l].[UpdatedAt], [l].[UpdatedBy], [l].[WarehouseId]
        FROM [Locations] AS [l]
        WHERE [l].[IsDeleted] = CAST(0 AS bit)
    ) AS [t3] ON [g0].[PutAwayLocationId] = [t3].[Id]
    WHERE [g0].[IsDeleted] = CAST(0 AS bit)
) AS [t1] ON [t].[Id] = [t1].[GRNId]
ORDER BY [t].[GRNDate] DESC, [t].[Id], [t0].[Id], [t1].[Id], [t1].[Id0]
2026-08-25 01:47:05.537 +07:00 [INF] HTTP GET /api/v1/grn responded 200 in 3010.0087ms
2026-08-25 01:47:13.579 +07:00 [INF] HTTP GET /api/v1/stock/balances started
2026-08-25 01:47:13.655 +07:00 [INF] Executed DbCommand (23ms) [Parameters=[], CommandType='"Text"', CommandTimeout='30']
SELECT COUNT(*)
FROM [StockBalances] AS [s]
WHERE [s].[IsDeleted] = CAST(0 AS bit) AND [s].[IsDeleted] = CAST(0 AS bit) AND [s].[AvailableQty] > 0.0
2026-08-25 01:47:13.733 +07:00 [INF] Executed DbCommand (53ms) [Parameters=[@__p_0='?' (DbType = Int32), @__p_1='?' (DbType = Int32)], CommandType='"Text"', CommandTimeout='30']
SELECT [t0].[Id], [t0].[AvailableQty], [t0].[CreatedAt], [t0].[CreatedBy], [t0].[IsDeleted], [t0].[ItemId], [t0].[LocationId], [t0].[ReservedQty], [t0].[UpdatedAt], [t0].[UpdatedBy], [t0].[Id0], [t0].[Category], [t0].[CreatedAt0], [t0].[CreatedBy0], [t0].[Description], [t0].[IsActive], [t0].[IsDeleted0], [t0].[ItemCode], [t0].[ItemName], [t0].[MaxStock], [t0].[MinStock], [t0].[UOM], [t0].[UpdatedAt0], [t0].[UpdatedBy0], [t1].[Id], [t1].[Aisle], [t1].[CreatedAt], [t1].[CreatedBy], [t1].[IsActive], [t1].[IsDeleted], [t1].[Level], [t1].[LocationCode], [t1].[Rack], [t1].[UpdatedAt], [t1].[UpdatedBy], [t1].[WarehouseId], [t2].[Id], [t2].[Address], [t2].[CreatedAt], [t2].[CreatedBy], [t2].[IsActive], [t2].[IsDeleted], [t2].[UpdatedAt], [t2].[UpdatedBy], [t2].[WarehouseCode], [t2].[WarehouseName]
FROM (
    SELECT [s].[Id], [s].[AvailableQty], [s].[CreatedAt], [s].[CreatedBy], [s].[IsDeleted], [s].[ItemId], [s].[LocationId], [s].[ReservedQty], [s].[UpdatedAt], [s].[UpdatedBy], [t].[Id] AS [Id0], [t].[Category], [t].[CreatedAt] AS [CreatedAt0], [t].[CreatedBy] AS [CreatedBy0], [t].[Description], [t].[IsActive], [t].[IsDeleted] AS [IsDeleted0], [t].[ItemCode], [t].[ItemName], [t].[MaxStock], [t].[MinStock], [t].[UOM], [t].[UpdatedAt] AS [UpdatedAt0], [t].[UpdatedBy] AS [UpdatedBy0]
    FROM [StockBalances] AS [s]
    INNER JOIN (
        SELECT [i].[Id], [i].[Category], [i].[CreatedAt], [i].[CreatedBy], [i].[Description], [i].[IsActive], [i].[IsDeleted], [i].[ItemCode], [i].[ItemName], [i].[MaxStock], [i].[MinStock], [i].[UOM], [i].[UpdatedAt], [i].[UpdatedBy]
        FROM [Items] AS [i]
        WHERE [i].[IsDeleted] = CAST(0 AS bit)
    ) AS [t] ON [s].[ItemId] = [t].[Id]
    WHERE [s].[IsDeleted] = CAST(0 AS bit) AND [s].[IsDeleted] = CAST(0 AS bit) AND [s].[AvailableQty] > 0.0
    ORDER BY [t].[ItemCode]
    OFFSET @__p_0 ROWS FETCH NEXT @__p_1 ROWS ONLY
) AS [t0]
INNER JOIN (
    SELECT [l].[Id], [l].[Aisle], [l].[CreatedAt], [l].[CreatedBy], [l].[IsActive], [l].[IsDeleted], [l].[Level], [l].[LocationCode], [l].[Rack], [l].[UpdatedAt], [l].[UpdatedBy], [l].[WarehouseId]
    FROM [Locations] AS [l]
    WHERE [l].[IsDeleted] = CAST(0 AS bit)
) AS [t1] ON [t0].[LocationId] = [t1].[Id]
INNER JOIN (
    SELECT [w].[Id], [w].[Address], [w].[CreatedAt], [w].[CreatedBy], [w].[IsActive], [w].[IsDeleted], [w].[UpdatedAt], [w].[UpdatedBy], [w].[WarehouseCode], [w].[WarehouseName]
    FROM [Warehouses] AS [w]
    WHERE [w].[IsDeleted] = CAST(0 AS bit)
) AS [t2] ON [t1].[WarehouseId] = [t2].[Id]
ORDER BY [t0].[ItemCode]
2026-08-25 01:47:13.813 +07:00 [INF] HTTP GET /api/v1/stock/balances responded 200 in 233.4534ms
2026-08-25 01:47:21.219 +07:00 [INF] HTTP GET /api/v1/stock/ledger started
2026-08-25 01:47:21.425 +07:00 [INF] Executed DbCommand (28ms) [Parameters=[], CommandType='"Text"', CommandTimeout='30']
SELECT COUNT(*)
FROM [StockLedgers] AS [s]
WHERE [s].[IsDeleted] = CAST(0 AS bit) AND [s].[IsDeleted] = CAST(0 AS bit)
2026-08-25 01:47:21.693 +07:00 [INF] Executed DbCommand (156ms) [Parameters=[@__p_0='?' (DbType = Int32), @__p_1='?' (DbType = Int32)], CommandType='"Text"', CommandTimeout='30']
SELECT [t].[Id], [t].[CreatedAt], [t].[CreatedBy], [t].[IsDeleted], [t].[ItemId], [t].[LocationId], [t].[MovementType], [t].[Quantity], [t].[ReferenceNumber], [t].[Remarks], [t].[UpdatedAt], [t].[UpdatedBy], [t0].[Id], [t0].[Category], [t0].[CreatedAt], [t0].[CreatedBy], [t0].[Description], [t0].[IsActive], [t0].[IsDeleted], [t0].[ItemCode], [t0].[ItemName], [t0].[MaxStock], [t0].[MinStock], [t0].[UOM], [t0].[UpdatedAt], [t0].[UpdatedBy], [t1].[Id], [t1].[Aisle], [t1].[CreatedAt], [t1].[CreatedBy], [t1].[IsActive], [t1].[IsDeleted], [t1].[Level], [t1].[LocationCode], [t1].[Rack], [t1].[UpdatedAt], [t1].[UpdatedBy], [t1].[WarehouseId]
FROM (
    SELECT [s].[Id], [s].[CreatedAt], [s].[CreatedBy], [s].[IsDeleted], [s].[ItemId], [s].[LocationId], [s].[MovementType], [s].[Quantity], [s].[ReferenceNumber], [s].[Remarks], [s].[UpdatedAt], [s].[UpdatedBy]
    FROM [StockLedgers] AS [s]
    WHERE [s].[IsDeleted] = CAST(0 AS bit) AND [s].[IsDeleted] = CAST(0 AS bit)
    ORDER BY [s].[CreatedAt] DESC
    OFFSET @__p_0 ROWS FETCH NEXT @__p_1 ROWS ONLY
) AS [t]
INNER JOIN (
    SELECT [i].[Id], [i].[Category], [i].[CreatedAt], [i].[CreatedBy], [i].[Description], [i].[IsActive], [i].[IsDeleted], [i].[ItemCode], [i].[ItemName], [i].[MaxStock], [i].[MinStock], [i].[UOM], [i].[UpdatedAt], [i].[UpdatedBy]
    FROM [Items] AS [i]
    WHERE [i].[IsDeleted] = CAST(0 AS bit)
) AS [t0] ON [t].[ItemId] = [t0].[Id]
INNER JOIN (
    SELECT [l].[Id], [l].[Aisle], [l].[CreatedAt], [l].[CreatedBy], [l].[IsActive], [l].[IsDeleted], [l].[Level], [l].[LocationCode], [l].[Rack], [l].[UpdatedAt], [l].[UpdatedBy], [l].[WarehouseId]
    FROM [Locations] AS [l]
    WHERE [l].[IsDeleted] = CAST(0 AS bit)
) AS [t1] ON [t].[LocationId] = [t1].[Id]
ORDER BY [t].[CreatedAt] DESC
2026-08-25 01:47:22.058 +07:00 [INF] HTTP GET /api/v1/stock/ledger responded 200 in 839.2297ms
2026-08-25 01:47:24.378 +07:00 [INF] HTTP GET /api/v1/stock-adjustments started
2026-08-25 01:47:24.471 +07:00 [INF] Executed DbCommand (14ms) [Parameters=[], CommandType='"Text"', CommandTimeout='30']
SELECT COUNT(*)
FROM [StockAdjustments] AS [s]
WHERE [s].[IsDeleted] = CAST(0 AS bit) AND [s].[IsDeleted] = CAST(0 AS bit)
2026-08-25 01:47:24.618 +07:00 [INF] Executed DbCommand (52ms) [Parameters=[@__p_0='?' (DbType = Int32), @__p_1='?' (DbType = Int32)], CommandType='"Text"', CommandTimeout='30']
SELECT [t].[Id], [t].[AdjDate], [t].[AdjNumber], [t].[AdjQty], [t].[ApprovedBy], [t].[CreatedAt], [t].[CreatedBy], [t].[IsApproved], [t].[IsDeleted], [t].[ItemId], [t].[LocationId], [t].[Reason], [t].[UpdatedAt], [t].[UpdatedBy], [t0].[Id], [t0].[Category], [t0].[CreatedAt], [t0].[CreatedBy], [t0].[Description], [t0].[IsActive], [t0].[IsDeleted], [t0].[ItemCode], [t0].[ItemName], [t0].[MaxStock], [t0].[MinStock], [t0].[UOM], [t0].[UpdatedAt], [t0].[UpdatedBy], [t1].[Id], [t1].[Aisle], [t1].[CreatedAt], [t1].[CreatedBy], [t1].[IsActive], [t1].[IsDeleted], [t1].[Level], [t1].[LocationCode], [t1].[Rack], [t1].[UpdatedAt], [t1].[UpdatedBy], [t1].[WarehouseId]
FROM (
    SELECT [s].[Id], [s].[AdjDate], [s].[AdjNumber], [s].[AdjQty], [s].[ApprovedBy], [s].[CreatedAt], [s].[CreatedBy], [s].[IsApproved], [s].[IsDeleted], [s].[ItemId], [s].[LocationId], [s].[Reason], [s].[UpdatedAt], [s].[UpdatedBy]
    FROM [StockAdjustments] AS [s]
    WHERE [s].[IsDeleted] = CAST(0 AS bit) AND [s].[IsDeleted] = CAST(0 AS bit)
    ORDER BY [s].[AdjDate] DESC
    OFFSET @__p_0 ROWS FETCH NEXT @__p_1 ROWS ONLY
) AS [t]
INNER JOIN (
    SELECT [i].[Id], [i].[Category], [i].[CreatedAt], [i].[CreatedBy], [i].[Description], [i].[IsActive], [i].[IsDeleted], [i].[ItemCode], [i].[ItemName], [i].[MaxStock], [i].[MinStock], [i].[UOM], [i].[UpdatedAt], [i].[UpdatedBy]
    FROM [Items] AS [i]
    WHERE [i].[IsDeleted] = CAST(0 AS bit)
) AS [t0] ON [t].[ItemId] = [t0].[Id]
INNER JOIN (
    SELECT [l].[Id], [l].[Aisle], [l].[CreatedAt], [l].[CreatedBy], [l].[IsActive], [l].[IsDeleted], [l].[Level], [l].[LocationCode], [l].[Rack], [l].[UpdatedAt], [l].[UpdatedBy], [l].[WarehouseId]
    FROM [Locations] AS [l]
    WHERE [l].[IsDeleted] = CAST(0 AS bit)
) AS [t1] ON [t].[LocationId] = [t1].[Id]
ORDER BY [t].[AdjDate] DESC
2026-08-25 01:47:24.743 +07:00 [INF] HTTP GET /api/v1/stock-adjustments responded 200 in 364.8636ms
2026-08-25 01:47:31.732 +07:00 [INF] HTTP GET /api/v1/grn started
2026-08-25 01:47:31.787 +07:00 [INF] Executed DbCommand (29ms) [Parameters=[], CommandType='"Text"', CommandTimeout='30']
SELECT COUNT(*)
FROM [GoodsReceiptNotes] AS [g]
WHERE [g].[IsDeleted] = CAST(0 AS bit) AND [g].[IsDeleted] = CAST(0 AS bit)
2026-08-25 01:47:31.948 +07:00 [INF] Executed DbCommand (136ms) [Parameters=[@__p_0='?' (DbType = Int32), @__p_1='?' (DbType = Int32)], CommandType='"Text"', CommandTimeout='30']
SELECT [t].[Id], [t].[CreatedAt], [t].[CreatedBy], [t].[GRNDate], [t].[GRNNumber], [t].[IsDeleted], [t].[Notes], [t].[POId], [t].[ReceivedBy], [t].[Status], [t].[UpdatedAt], [t].[UpdatedBy], [t0].[Id], [t0].[CreatedAt], [t0].[CreatedBy], [t0].[IsDeleted], [t0].[Notes], [t0].[PODate], [t0].[PONumber], [t0].[Status], [t0].[UpdatedAt], [t0].[UpdatedBy], [t0].[VendorId], [t1].[Id], [t1].[CreatedAt], [t1].[CreatedBy], [t1].[GRNId], [t1].[IsDeleted], [t1].[ItemId], [t1].[PutAwayLocationId], [t1].[QCStatus], [t1].[ReceivedQty], [t1].[UpdatedAt], [t1].[UpdatedBy], [t1].[Id0], [t1].[Category], [t1].[CreatedAt0], [t1].[CreatedBy0], [t1].[Description], [t1].[IsActive], [t1].[IsDeleted0], [t1].[ItemCode], [t1].[ItemName], [t1].[MaxStock], [t1].[MinStock], [t1].[UOM], [t1].[UpdatedAt0], [t1].[UpdatedBy0], [t1].[Id1], [t1].[Aisle], [t1].[CreatedAt1], [t1].[CreatedBy1], [t1].[IsActive0], [t1].[IsDeleted1], [t1].[Level], [t1].[LocationCode], [t1].[Rack], [t1].[UpdatedAt1], [t1].[UpdatedBy1], [t1].[WarehouseId]
FROM (
    SELECT [g].[Id], [g].[CreatedAt], [g].[CreatedBy], [g].[GRNDate], [g].[GRNNumber], [g].[IsDeleted], [g].[Notes], [g].[POId], [g].[ReceivedBy], [g].[Status], [g].[UpdatedAt], [g].[UpdatedBy]
    FROM [GoodsReceiptNotes] AS [g]
    WHERE [g].[IsDeleted] = CAST(0 AS bit) AND [g].[IsDeleted] = CAST(0 AS bit)
    ORDER BY [g].[GRNDate] DESC
    OFFSET @__p_0 ROWS FETCH NEXT @__p_1 ROWS ONLY
) AS [t]
INNER JOIN (
    SELECT [p].[Id], [p].[CreatedAt], [p].[CreatedBy], [p].[IsDeleted], [p].[Notes], [p].[PODate], [p].[PONumber], [p].[Status], [p].[UpdatedAt], [p].[UpdatedBy], [p].[VendorId]
    FROM [PurchaseOrders] AS [p]
    WHERE [p].[IsDeleted] = CAST(0 AS bit)
) AS [t0] ON [t].[POId] = [t0].[Id]
LEFT JOIN (
    SELECT [g0].[Id], [g0].[CreatedAt], [g0].[CreatedBy], [g0].[GRNId], [g0].[IsDeleted], [g0].[ItemId], [g0].[PutAwayLocationId], [g0].[QCStatus], [g0].[ReceivedQty], [g0].[UpdatedAt], [g0].[UpdatedBy], [t2].[Id] AS [Id0], [t2].[Category], [t2].[CreatedAt] AS [CreatedAt0], [t2].[CreatedBy] AS [CreatedBy0], [t2].[Description], [t2].[IsActive], [t2].[IsDeleted] AS [IsDeleted0], [t2].[ItemCode], [t2].[ItemName], [t2].[MaxStock], [t2].[MinStock], [t2].[UOM], [t2].[UpdatedAt] AS [UpdatedAt0], [t2].[UpdatedBy] AS [UpdatedBy0], [t3].[Id] AS [Id1], [t3].[Aisle], [t3].[CreatedAt] AS [CreatedAt1], [t3].[CreatedBy] AS [CreatedBy1], [t3].[IsActive] AS [IsActive0], [t3].[IsDeleted] AS [IsDeleted1], [t3].[Level], [t3].[LocationCode], [t3].[Rack], [t3].[UpdatedAt] AS [UpdatedAt1], [t3].[UpdatedBy] AS [UpdatedBy1], [t3].[WarehouseId]
    FROM [GoodsReceiptNoteDetails] AS [g0]
    INNER JOIN (
        SELECT [i].[Id], [i].[Category], [i].[CreatedAt], [i].[CreatedBy], [i].[Description], [i].[IsActive], [i].[IsDeleted], [i].[ItemCode], [i].[ItemName], [i].[MaxStock], [i].[MinStock], [i].[UOM], [i].[UpdatedAt], [i].[UpdatedBy]
        FROM [Items] AS [i]
        WHERE [i].[IsDeleted] = CAST(0 AS bit)
    ) AS [t2] ON [g0].[ItemId] = [t2].[Id]
    LEFT JOIN (
        SELECT [l].[Id], [l].[Aisle], [l].[CreatedAt], [l].[CreatedBy], [l].[IsActive], [l].[IsDeleted], [l].[Level], [l].[LocationCode], [l].[Rack], [l].[UpdatedAt], [l].[UpdatedBy], [l].[WarehouseId]
        FROM [Locations] AS [l]
        WHERE [l].[IsDeleted] = CAST(0 AS bit)
    ) AS [t3] ON [g0].[PutAwayLocationId] = [t3].[Id]
    WHERE [g0].[IsDeleted] = CAST(0 AS bit)
) AS [t1] ON [t].[Id] = [t1].[GRNId]
ORDER BY [t].[GRNDate] DESC, [t].[Id], [t0].[Id], [t1].[Id], [t1].[Id0]
2026-08-25 01:47:32.111 +07:00 [INF] HTTP GET /api/v1/grn responded 200 in 379.1653ms
2026-08-25 01:47:33.582 +07:00 [INF] HTTP GET /api/v1/purchase-orders started
2026-08-25 01:47:33.630 +07:00 [INF] HTTP GET /api/v1/purchase-orders responded 404 in 47.5649ms
2026-08-25 01:47:47.139 +07:00 [INF] HTTP GET /api/v1/items started
2026-08-25 01:47:47.187 +07:00 [INF] Executed DbCommand (17ms) [Parameters=[], CommandType='"Text"', CommandTimeout='30']
SELECT COUNT(*)
FROM [Items] AS [i]
WHERE [i].[IsDeleted] = CAST(0 AS bit) AND [i].[IsDeleted] = CAST(0 AS bit)
2026-08-25 01:47:47.229 +07:00 [INF] Executed DbCommand (12ms) [Parameters=[@__p_0='?' (DbType = Int32), @__p_1='?' (DbType = Int32)], CommandType='"Text"', CommandTimeout='30']
SELECT [i].[Id], [i].[Category], [i].[CreatedAt], [i].[CreatedBy], [i].[Description], [i].[IsActive], [i].[IsDeleted], [i].[ItemCode], [i].[ItemName], [i].[MaxStock], [i].[MinStock], [i].[UOM], [i].[UpdatedAt], [i].[UpdatedBy]
FROM [Items] AS [i]
WHERE [i].[IsDeleted] = CAST(0 AS bit) AND [i].[IsDeleted] = CAST(0 AS bit)
ORDER BY [i].[ItemCode]
OFFSET @__p_0 ROWS FETCH NEXT @__p_1 ROWS ONLY
2026-08-25 01:47:47.304 +07:00 [INF] HTTP GET /api/v1/items responded 200 in 164.9581ms
2026-08-25 01:47:47.337 +07:00 [INF] HTTP GET /api/v1/warehouses started
2026-08-25 01:47:47.410 +07:00 [INF] Executed DbCommand (7ms) [Parameters=[], CommandType='"Text"', CommandTimeout='30']
SELECT COUNT(*)
FROM [Warehouses] AS [w]
WHERE [w].[IsDeleted] = CAST(0 AS bit) AND [w].[IsDeleted] = CAST(0 AS bit)
2026-08-25 01:47:47.445 +07:00 [INF] Executed DbCommand (8ms) [Parameters=[@__p_0='?' (DbType = Int32), @__p_1='?' (DbType = Int32)], CommandType='"Text"', CommandTimeout='30']
SELECT [w].[Id], [w].[Address], [w].[CreatedAt], [w].[CreatedBy], [w].[IsActive], [w].[IsDeleted], [w].[UpdatedAt], [w].[UpdatedBy], [w].[WarehouseCode], [w].[WarehouseName]
FROM [Warehouses] AS [w]
WHERE [w].[IsDeleted] = CAST(0 AS bit) AND [w].[IsDeleted] = CAST(0 AS bit)
ORDER BY [w].[WarehouseCode]
OFFSET @__p_0 ROWS FETCH NEXT @__p_1 ROWS ONLY
2026-08-25 01:47:47.488 +07:00 [INF] HTTP GET /api/v1/warehouses responded 200 in 150.9746ms
2026-08-25 01:47:47.534 +07:00 [INF] HTTP GET /api/v1/vendors started
2026-08-25 01:47:47.587 +07:00 [INF] Executed DbCommand (11ms) [Parameters=[], CommandType='"Text"', CommandTimeout='30']
SELECT COUNT(*)
FROM [Vendors] AS [v]
WHERE [v].[IsDeleted] = CAST(0 AS bit) AND [v].[IsDeleted] = CAST(0 AS bit)
2026-08-25 01:47:47.624 +07:00 [INF] Executed DbCommand (17ms) [Parameters=[@__p_0='?' (DbType = Int32), @__p_1='?' (DbType = Int32)], CommandType='"Text"', CommandTimeout='30']
SELECT [v].[Id], [v].[Address], [v].[Contact], [v].[CreatedAt], [v].[CreatedBy], [v].[IsActive], [v].[IsDeleted], [v].[UpdatedAt], [v].[UpdatedBy], [v].[VendorCode], [v].[VendorName]
FROM [Vendors] AS [v]
WHERE [v].[IsDeleted] = CAST(0 AS bit) AND [v].[IsDeleted] = CAST(0 AS bit)
ORDER BY [v].[VendorCode]
OFFSET @__p_0 ROWS FETCH NEXT @__p_1 ROWS ONLY
2026-08-25 01:47:47.672 +07:00 [INF] HTTP GET /api/v1/vendors responded 200 in 138.0955ms
2026-08-25 01:47:47.695 +07:00 [INF] HTTP GET /api/v1/locations started
2026-08-25 01:47:47.732 +07:00 [INF] Executed DbCommand (12ms) [Parameters=[], CommandType='"Text"', CommandTimeout='30']
SELECT COUNT(*)
FROM [Locations] AS [l]
WHERE [l].[IsDeleted] = CAST(0 AS bit) AND [l].[IsDeleted] = CAST(0 AS bit)
2026-08-25 01:47:47.773 +07:00 [INF] Executed DbCommand (22ms) [Parameters=[@__p_0='?' (DbType = Int32), @__p_1='?' (DbType = Int32)], CommandType='"Text"', CommandTimeout='30']
SELECT [t].[Id], [t].[Aisle], [t].[CreatedAt], [t].[CreatedBy], [t].[IsActive], [t].[IsDeleted], [t].[Level], [t].[LocationCode], [t].[Rack], [t].[UpdatedAt], [t].[UpdatedBy], [t].[WarehouseId], [t0].[Id], [t0].[Address], [t0].[CreatedAt], [t0].[CreatedBy], [t0].[IsActive], [t0].[IsDeleted], [t0].[UpdatedAt], [t0].[UpdatedBy], [t0].[WarehouseCode], [t0].[WarehouseName]
FROM (
    SELECT [l].[Id], [l].[Aisle], [l].[CreatedAt], [l].[CreatedBy], [l].[IsActive], [l].[IsDeleted], [l].[Level], [l].[LocationCode], [l].[Rack], [l].[UpdatedAt], [l].[UpdatedBy], [l].[WarehouseId]
    FROM [Locations] AS [l]
    WHERE [l].[IsDeleted] = CAST(0 AS bit) AND [l].[IsDeleted] = CAST(0 AS bit)
    ORDER BY [l].[LocationCode]
    OFFSET @__p_0 ROWS FETCH NEXT @__p_1 ROWS ONLY
) AS [t]
INNER JOIN (
    SELECT [w].[Id], [w].[Address], [w].[CreatedAt], [w].[CreatedBy], [w].[IsActive], [w].[IsDeleted], [w].[UpdatedAt], [w].[UpdatedBy], [w].[WarehouseCode], [w].[WarehouseName]
    FROM [Warehouses] AS [w]
    WHERE [w].[IsDeleted] = CAST(0 AS bit)
) AS [t0] ON [t].[WarehouseId] = [t0].[Id]
ORDER BY [t].[LocationCode]
2026-08-25 01:47:47.848 +07:00 [ERR] Unhandled exception: Error mapping types.

Mapping types:
List`1 -> IEnumerable`1
System.Collections.Generic.List`1[[WMS.Domain.Entities.MasterData.Location, WMS.Domain, Version=1.0.0.0, Culture=neutral, PublicKeyToken=null]] -> System.Collections.Generic.IEnumerable`1[[WMS.Application.DTOs.MasterData.LocationDto, WMS.Application, Version=1.0.0.0, Culture=neutral, PublicKeyToken=null]]
AutoMapper.AutoMapperMappingException: Error mapping types.

Mapping types:
List`1 -> IEnumerable`1
System.Collections.Generic.List`1[[WMS.Domain.Entities.MasterData.Location, WMS.Domain, Version=1.0.0.0, Culture=neutral, PublicKeyToken=null]] -> System.Collections.Generic.IEnumerable`1[[WMS.Application.DTOs.MasterData.LocationDto, WMS.Application, Version=1.0.0.0, Culture=neutral, PublicKeyToken=null]]
 ---> System.ArgumentException: WMS.Application.DTOs.MasterData.LocationDto needs to have a constructor with 0 args or only optional args. Validate your configuration for details. (Parameter 'type')
   at lambda_method491(Closure, Object, IEnumerable`1, ResolutionContext)
   --- End of inner exception stack trace ---
   at lambda_method491(Closure, Object, IEnumerable`1, ResolutionContext)
   at WMS.Application.Services.MasterData.LocationService.GetAllAsync(PaginationParams pagination, Nullable`1 warehouseId, CancellationToken ct) in C:\Users\admin\Documents\GitHub\Warehouse Management System\src\WMS.Application\Services\MasterData\LocationService.cs:line 40
   at WMS.API.Controllers.LocationsController.GetAll(PaginationParams pagination, Nullable`1 warehouseId, CancellationToken ct) in C:\Users\admin\Documents\GitHub\Warehouse Management System\src\WMS.API\Controllers\LocationsController.cs:line 18
   at lambda_method373(Closure, Object)
   at Microsoft.AspNetCore.Mvc.Infrastructure.ActionMethodExecutor.AwaitableObjectResultExecutor.Execute(ActionContext actionContext, IActionResultTypeMapper mapper, ObjectMethodExecutor executor, Object controller, Object[] arguments)
   at Microsoft.AspNetCore.Mvc.Infrastructure.ControllerActionInvoker.<InvokeActionMethodAsync>g__Awaited|12_0(ControllerActionInvoker invoker, ValueTask`1 actionResultValueTask)
   at Microsoft.AspNetCore.Mvc.Infrastructure.ControllerActionInvoker.<InvokeNextActionFilterAsync>g__Awaited|10_0(ControllerActionInvoker invoker, Task lastTask, State next, Scope scope, Object state, Boolean isCompleted)
   at Microsoft.AspNetCore.Mvc.Infrastructure.ControllerActionInvoker.Rethrow(ActionExecutedContextSealed context)
   at Microsoft.AspNetCore.Mvc.Infrastructure.ControllerActionInvoker.Next(State& next, Scope& scope, Object& state, Boolean& isCompleted)
   at Microsoft.AspNetCore.Mvc.Infrastructure.ControllerActionInvoker.<InvokeInnerFilterAsync>g__Awaited|13_0(ControllerActionInvoker invoker, Task lastTask, State next, Scope scope, Object state, Boolean isCompleted)
   at Microsoft.AspNetCore.Mvc.Infrastructure.ResourceInvoker.<InvokeFilterPipelineAsync>g__Awaited|20_0(ResourceInvoker invoker, Task lastTask, State next, Scope scope, Object state, Boolean isCompleted)
   at Microsoft.AspNetCore.Mvc.Infrastructure.ResourceInvoker.<InvokeAsync>g__Awaited|17_0(ResourceInvoker invoker, Task task, IDisposable scope)
   at Microsoft.AspNetCore.Mvc.Infrastructure.ResourceInvoker.<InvokeAsync>g__Awaited|17_0(ResourceInvoker invoker, Task task, IDisposable scope)
   at Microsoft.AspNetCore.Authorization.AuthorizationMiddleware.Invoke(HttpContext context)
   at Microsoft.AspNetCore.Authentication.AuthenticationMiddleware.Invoke(HttpContext context)
   at Swashbuckle.AspNetCore.SwaggerUI.SwaggerUIMiddleware.Invoke(HttpContext httpContext)
   at Swashbuckle.AspNetCore.Swagger.SwaggerMiddleware.Invoke(HttpContext httpContext, ISwaggerProvider swaggerProvider)
   at WMS.API.Middleware.RequestLoggingMiddleware.InvokeAsync(HttpContext context) in C:\Users\admin\Documents\GitHub\Warehouse Management System\src\WMS.API\Middleware\RequestLoggingMiddleware.cs:line 18
   at WMS.API.Middleware.ExceptionHandlerMiddleware.InvokeAsync(HttpContext context) in C:\Users\admin\Documents\GitHub\Warehouse Management System\src\WMS.API\Middleware\ExceptionHandlerMiddleware.cs:line 21
2026-08-25 01:47:48.202 +07:00 [INF] HTTP GET /api/v1/purchase-orders started
2026-08-25 01:47:48.224 +07:00 [INF] HTTP GET /api/v1/purchase-orders responded 404 in 22.1189ms
2026-08-25 01:51:53.345 +07:00 [INF] Executed DbCommand (160ms) [Parameters=[], CommandType='"Text"', CommandTimeout='30']
SELECT 1
2026-08-25 01:51:53.858 +07:00 [INF] Executed DbCommand (140ms) [Parameters=[], CommandType='"Text"', CommandTimeout='30']
SELECT OBJECT_ID(N'[__EFMigrationsHistory]');
2026-08-25 01:51:53.885 +07:00 [INF] Executed DbCommand (2ms) [Parameters=[], CommandType='"Text"', CommandTimeout='30']
SELECT 1
2026-08-25 01:51:53.911 +07:00 [INF] Executed DbCommand (4ms) [Parameters=[], CommandType='"Text"', CommandTimeout='30']
SELECT OBJECT_ID(N'[__EFMigrationsHistory]');
2026-08-25 01:51:54.033 +07:00 [INF] Executed DbCommand (16ms) [Parameters=[], CommandType='"Text"', CommandTimeout='30']
SELECT [MigrationId], [ProductVersion]
FROM [__EFMigrationsHistory]
ORDER BY [MigrationId];
2026-08-25 01:51:55.611 +07:00 [INF] Executed DbCommand (25ms) [Parameters=[], CommandType='"Text"', CommandTimeout='30']
SELECT CASE
    WHEN EXISTS (
        SELECT 1
        FROM [UnitsOfMeasure] AS [u]
        WHERE [u].[IsDeleted] = CAST(0 AS bit)) THEN CAST(1 AS bit)
    ELSE CAST(0 AS bit)
END
2026-08-25 01:51:55.674 +07:00 [INF] Executed DbCommand (12ms) [Parameters=[], CommandType='"Text"', CommandTimeout='30']
SELECT CASE
    WHEN EXISTS (
        SELECT 1
        FROM [Warehouses] AS [w]
        WHERE [w].[IsDeleted] = CAST(0 AS bit)) THEN CAST(1 AS bit)
    ELSE CAST(0 AS bit)
END
2026-08-25 01:51:55.718 +07:00 [INF] Executed DbCommand (13ms) [Parameters=[], CommandType='"Text"', CommandTimeout='30']
SELECT CASE
    WHEN EXISTS (
        SELECT 1
        FROM [Users] AS [u]
        WHERE [u].[IsDeleted] = CAST(0 AS bit)) THEN CAST(1 AS bit)
    ELSE CAST(0 AS bit)
END
2026-08-25 01:52:00.335 +07:00 [INF] HTTP GET /api/v1/items started
2026-08-25 01:52:00.518 +07:00 [WRN] Failed to determine the https port for redirect.
2026-08-25 01:52:00.782 +07:00 [INF] HTTP GET /api/v1/items responded 401 in 462.1469ms
2026-08-25 01:52:01.016 +07:00 [INF] HTTP GET /api/v1/warehouses started
2026-08-25 01:52:01.066 +07:00 [INF] HTTP GET /api/v1/warehouses responded 401 in 50.0228ms
2026-08-25 01:52:01.096 +07:00 [INF] HTTP GET /api/v1/vendors started
2026-08-25 01:52:01.122 +07:00 [INF] HTTP GET /api/v1/vendors responded 401 in 24.4439ms
2026-08-25 01:52:01.145 +07:00 [INF] HTTP GET /api/v1/locations started
2026-08-25 01:52:01.162 +07:00 [INF] HTTP GET /api/v1/locations responded 401 in 17.6098ms
2026-08-25 01:52:01.194 +07:00 [INF] HTTP GET /api/v1/purchase-orders started
2026-08-25 01:52:01.206 +07:00 [INF] HTTP GET /api/v1/purchase-orders responded 404 in 11.8733ms
2026-08-25 01:52:01.246 +07:00 [INF] HTTP GET /api/v1/sales-orders started
2026-08-25 01:52:01.263 +07:00 [INF] HTTP GET /api/v1/sales-orders responded 404 in 17.4735ms
2026-08-25 01:52:01.290 +07:00 [INF] HTTP GET /api/v1/purchase-orders started
2026-08-25 01:52:01.307 +07:00 [INF] HTTP GET /api/v1/purchase-orders responded 404 in 17.0746ms
2026-08-25 01:52:01.345 +07:00 [INF] HTTP GET /api/v1/sales-orders started
2026-08-25 01:52:01.352 +07:00 [INF] HTTP GET /api/v1/sales-orders responded 404 in 7.1014ms
2026-08-25 01:52:01.381 +07:00 [INF] HTTP GET /api/v1/stock/balances started
2026-08-25 01:52:01.431 +07:00 [INF] HTTP GET /api/v1/stock/balances responded 401 in 49.755ms
2026-08-25 01:52:06.935 +07:00 [INF] HTTP GET /api/v1/purchase-orders started
2026-08-25 01:52:06.957 +07:00 [INF] HTTP GET /api/v1/purchase-orders responded 404 in 22.8518ms
2026-08-25 01:52:13.944 +07:00 [INF] HTTP GET /api/v1/purchase-orders started
2026-08-25 01:52:13.954 +07:00 [INF] HTTP GET /api/v1/purchase-orders responded 404 in 10.5354ms
2026-08-25 01:52:15.966 +07:00 [INF] HTTP GET /api/v1/purchase-orders started
2026-08-25 01:52:16.049 +07:00 [INF] HTTP GET /api/v1/purchase-orders responded 404 in 83.5176ms
2026-08-25 01:52:19.166 +07:00 [INF] HTTP GET /api/v1/grn started
2026-08-25 01:52:19.190 +07:00 [INF] HTTP GET /api/v1/grn responded 401 in 23.283ms
2026-08-25 01:52:34.861 +07:00 [INF] HTTP GET /api/v1/vendors started
2026-08-25 01:52:34.888 +07:00 [INF] HTTP GET /api/v1/vendors responded 401 in 26.4105ms
2026-08-25 01:52:36.288 +07:00 [INF] HTTP GET /api/v1/items started
2026-08-25 01:52:36.298 +07:00 [INF] HTTP GET /api/v1/items responded 401 in 9.7795ms
2026-08-25 01:52:39.638 +07:00 [INF] HTTP GET /api/v1/warehouses started
2026-08-25 01:52:39.665 +07:00 [INF] HTTP GET /api/v1/warehouses responded 401 in 27.0895ms
2026-08-25 01:52:42.763 +07:00 [INF] HTTP GET /api/v1/items started
2026-08-25 01:52:42.778 +07:00 [INF] HTTP GET /api/v1/items responded 401 in 15.3602ms
2026-08-25 01:52:44.707 +07:00 [INF] HTTP GET /api/v1/items started
2026-08-25 01:52:44.746 +07:00 [INF] HTTP GET /api/v1/items responded 401 in 38.8633ms
2026-08-25 01:52:44.766 +07:00 [INF] HTTP GET /api/v1/warehouses started
2026-08-25 01:52:44.793 +07:00 [INF] HTTP GET /api/v1/warehouses responded 401 in 27.6468ms
2026-08-25 01:52:44.808 +07:00 [INF] HTTP GET /api/v1/vendors started
2026-08-25 01:52:44.851 +07:00 [INF] HTTP GET /api/v1/vendors responded 401 in 43.1717ms
2026-08-25 01:52:44.892 +07:00 [INF] HTTP GET /api/v1/locations started
2026-08-25 01:52:44.981 +07:00 [INF] HTTP GET /api/v1/locations responded 401 in 89.1377ms
2026-08-25 01:52:45.030 +07:00 [INF] HTTP GET /api/v1/purchase-orders started
2026-08-25 01:52:45.077 +07:00 [INF] HTTP GET /api/v1/purchase-orders responded 404 in 46.3243ms
2026-08-25 01:52:45.110 +07:00 [INF] HTTP GET /api/v1/sales-orders started
2026-08-25 01:52:45.159 +07:00 [INF] HTTP GET /api/v1/sales-orders responded 404 in 48.3024ms
2026-08-25 01:52:45.287 +07:00 [INF] HTTP GET /api/v1/purchase-orders started
2026-08-25 01:52:45.344 +07:00 [INF] HTTP GET /api/v1/purchase-orders responded 404 in 56.6293ms
2026-08-25 01:52:45.412 +07:00 [INF] HTTP GET /api/v1/sales-orders started
2026-08-25 01:52:45.450 +07:00 [INF] HTTP GET /api/v1/sales-orders responded 404 in 37.9447ms
2026-08-25 01:52:45.481 +07:00 [INF] HTTP GET /api/v1/stock/balances started
2026-08-25 01:52:45.534 +07:00 [INF] HTTP GET /api/v1/stock/balances responded 401 in 52.7866ms
2026-08-25 01:52:49.042 +07:00 [INF] HTTP GET /api/v1/purchase-orders started
2026-08-25 01:52:49.060 +07:00 [INF] HTTP GET /api/v1/purchase-orders responded 404 in 17.9465ms
2026-08-25 01:52:55.676 +07:00 [INF] HTTP GET /api/v1/grn started
2026-08-25 01:52:55.685 +07:00 [INF] HTTP GET /api/v1/grn responded 401 in 8.9082ms
2026-08-25 01:52:57.717 +07:00 [INF] HTTP GET /api/v1/items started
2026-08-25 01:52:57.730 +07:00 [INF] HTTP GET /api/v1/items responded 401 in 13.1433ms
2026-08-25 01:53:45.915 +07:00 [INF] HTTP POST /api/v1/items started
2026-08-25 01:53:45.941 +07:00 [INF] HTTP POST /api/v1/items responded 401 in 25.563ms
2026-08-25 01:54:06.076 +07:00 [INF] HTTP POST /api/v1/items started
2026-08-25 01:54:06.084 +07:00 [INF] HTTP POST /api/v1/items responded 401 in 8.5103ms
2026-08-25 02:02:55.663 +07:00 [INF] Executed DbCommand (408ms) [Parameters=[], CommandType='"Text"', CommandTimeout='30']
SELECT 1
2026-08-25 02:02:56.643 +07:00 [INF] Executed DbCommand (294ms) [Parameters=[], CommandType='"Text"', CommandTimeout='30']
SELECT OBJECT_ID(N'[__EFMigrationsHistory]');
2026-08-25 02:02:56.937 +07:00 [INF] Executed DbCommand (31ms) [Parameters=[], CommandType='"Text"', CommandTimeout='30']
SELECT 1
2026-08-25 02:02:58.387 +07:00 [INF] Executed DbCommand (59ms) [Parameters=[], CommandType='"Text"', CommandTimeout='30']
SELECT OBJECT_ID(N'[__EFMigrationsHistory]');
2026-08-25 02:02:58.924 +07:00 [INF] Executed DbCommand (30ms) [Parameters=[], CommandType='"Text"', CommandTimeout='30']
SELECT [MigrationId], [ProductVersion]
FROM [__EFMigrationsHistory]
ORDER BY [MigrationId];
2026-08-25 02:03:01.495 +07:00 [INF] Executed DbCommand (34ms) [Parameters=[], CommandType='"Text"', CommandTimeout='30']
SELECT CASE
    WHEN EXISTS (
        SELECT 1
        FROM [UnitsOfMeasure] AS [u]
        WHERE [u].[IsDeleted] = CAST(0 AS bit)) THEN CAST(1 AS bit)
    ELSE CAST(0 AS bit)
END
2026-08-25 02:03:01.612 +07:00 [INF] Executed DbCommand (17ms) [Parameters=[], CommandType='"Text"', CommandTimeout='30']
SELECT CASE
    WHEN EXISTS (
        SELECT 1
        FROM [Warehouses] AS [w]
        WHERE [w].[IsDeleted] = CAST(0 AS bit)) THEN CAST(1 AS bit)
    ELSE CAST(0 AS bit)
END
2026-08-25 02:03:01.712 +07:00 [INF] Executed DbCommand (16ms) [Parameters=[], CommandType='"Text"', CommandTimeout='30']
SELECT CASE
    WHEN EXISTS (
        SELECT 1
        FROM [Users] AS [u]
        WHERE [u].[IsDeleted] = CAST(0 AS bit)) THEN CAST(1 AS bit)
    ELSE CAST(0 AS bit)
END
2026-08-25 02:03:04.879 +07:00 [INF] HTTP GET /api/v1/items started
2026-08-25 02:03:05.212 +07:00 [WRN] Failed to determine the https port for redirect.
2026-08-25 02:03:05.488 +07:00 [INF] HTTP GET /api/v1/items responded 401 in 626.5421ms
2026-08-25 02:03:39.007 +07:00 [INF] HTTP POST /api/v1/items started
2026-08-25 02:03:39.062 +07:00 [INF] HTTP POST /api/v1/items responded 401 in 54.8052ms
2026-08-25 02:10:49.915 +07:00 [INF] Executed DbCommand (158ms) [Parameters=[], CommandType='"Text"', CommandTimeout='30']
SELECT 1
2026-08-25 02:10:50.313 +07:00 [INF] Executed DbCommand (102ms) [Parameters=[], CommandType='"Text"', CommandTimeout='30']
SELECT OBJECT_ID(N'[__EFMigrationsHistory]');
2026-08-25 02:10:50.337 +07:00 [INF] Executed DbCommand (4ms) [Parameters=[], CommandType='"Text"', CommandTimeout='30']
SELECT 1
2026-08-25 02:10:50.354 +07:00 [INF] Executed DbCommand (2ms) [Parameters=[], CommandType='"Text"', CommandTimeout='30']
SELECT OBJECT_ID(N'[__EFMigrationsHistory]');
2026-08-25 02:10:50.446 +07:00 [INF] Executed DbCommand (8ms) [Parameters=[], CommandType='"Text"', CommandTimeout='30']
SELECT [MigrationId], [ProductVersion]
FROM [__EFMigrationsHistory]
ORDER BY [MigrationId];
2026-08-25 02:10:51.889 +07:00 [INF] Executed DbCommand (23ms) [Parameters=[], CommandType='"Text"', CommandTimeout='30']
SELECT CASE
    WHEN EXISTS (
        SELECT 1
        FROM [UnitsOfMeasure] AS [u]
        WHERE [u].[IsDeleted] = CAST(0 AS bit)) THEN CAST(1 AS bit)
    ELSE CAST(0 AS bit)
END
2026-08-25 02:10:51.955 +07:00 [INF] Executed DbCommand (14ms) [Parameters=[], CommandType='"Text"', CommandTimeout='30']
SELECT CASE
    WHEN EXISTS (
        SELECT 1
        FROM [Warehouses] AS [w]
        WHERE [w].[IsDeleted] = CAST(0 AS bit)) THEN CAST(1 AS bit)
    ELSE CAST(0 AS bit)
END
2026-08-25 02:10:51.992 +07:00 [INF] Executed DbCommand (12ms) [Parameters=[], CommandType='"Text"', CommandTimeout='30']
SELECT CASE
    WHEN EXISTS (
        SELECT 1
        FROM [Users] AS [u]
        WHERE [u].[IsDeleted] = CAST(0 AS bit)) THEN CAST(1 AS bit)
    ELSE CAST(0 AS bit)
END
2026-08-25 02:11:08.406 +07:00 [INF] HTTP GET /api/v1/items started
2026-08-25 02:11:08.531 +07:00 [WRN] Failed to determine the https port for redirect.
2026-08-25 02:11:08.665 +07:00 [INF] HTTP GET /api/v1/items responded 401 in 267.2235ms
2026-08-25 02:11:08.781 +07:00 [INF] HTTP GET /api/v1/warehouses started
2026-08-25 02:11:08.818 +07:00 [INF] HTTP GET /api/v1/warehouses responded 401 in 37.5196ms
2026-08-25 02:11:08.837 +07:00 [INF] HTTP GET /api/v1/vendors started
2026-08-25 02:11:08.856 +07:00 [INF] HTTP GET /api/v1/vendors responded 401 in 19.6172ms
2026-08-25 02:11:08.877 +07:00 [INF] HTTP GET /api/v1/locations started
2026-08-25 02:11:08.894 +07:00 [INF] HTTP GET /api/v1/locations responded 401 in 17.188ms
2026-08-25 02:11:08.925 +07:00 [INF] HTTP GET /api/v1/purchase-orders started
2026-08-25 02:11:08.934 +07:00 [INF] HTTP GET /api/v1/purchase-orders responded 404 in 9.2251ms
2026-08-25 02:11:08.975 +07:00 [INF] HTTP GET /api/v1/sales-orders started
2026-08-25 02:11:08.990 +07:00 [INF] HTTP GET /api/v1/sales-orders responded 404 in 14.4568ms
2026-08-25 02:11:09.011 +07:00 [INF] HTTP GET /api/v1/purchase-orders started
2026-08-25 02:11:09.033 +07:00 [INF] HTTP GET /api/v1/purchase-orders responded 404 in 22.3967ms
2026-08-25 02:11:09.061 +07:00 [INF] HTTP GET /api/v1/sales-orders started
2026-08-25 02:11:09.093 +07:00 [INF] HTTP GET /api/v1/sales-orders responded 404 in 32.132ms
2026-08-25 02:11:09.140 +07:00 [INF] HTTP GET /api/v1/stock/balances started
2026-08-25 02:11:09.153 +07:00 [INF] HTTP GET /api/v1/stock/balances responded 401 in 12.1512ms
2026-08-25 02:11:15.260 +07:00 [INF] HTTP GET /api/v1/items started
2026-08-25 02:11:15.267 +07:00 [INF] HTTP GET /api/v1/items responded 401 in 7.5322ms
2026-08-25 02:11:33.792 +07:00 [INF] HTTP POST /api/v1/items started
2026-08-25 02:11:33.803 +07:00 [INF] HTTP POST /api/v1/items responded 401 in 11.3961ms
2026-08-25 02:11:43.307 +07:00 [INF] HTTP POST /api/v1/auth/login started
2026-08-25 02:11:44.145 +07:00 [INF] Executed DbCommand (63ms) [Parameters=[@__dto_Username_0='?' (Size = 50)], CommandType='"Text"', CommandTimeout='30']
SELECT TOP(1) [u].[Id], [u].[CreatedAt], [u].[CreatedBy], [u].[Email], [u].[IsActive], [u].[IsDeleted], [u].[PasswordHash], [u].[Role], [u].[UpdatedAt], [u].[UpdatedBy], [u].[Username], [u].[WarehouseId]
FROM [Users] AS [u]
WHERE [u].[IsDeleted] = CAST(0 AS bit) AND [u].[Username] = @__dto_Username_0 AND [u].[IsDeleted] = CAST(0 AS bit) AND [u].[IsActive] = CAST(1 AS bit)
2026-08-25 02:11:47.029 +07:00 [INF] HTTP POST /api/v1/auth/login responded 200 in 3721.3552ms
2026-08-25 02:11:47.187 +07:00 [INF] HTTP GET /api/v1/items started
2026-08-25 02:11:49.157 +07:00 [INF] Executed DbCommand (173ms) [Parameters=[], CommandType='"Text"', CommandTimeout='30']
SELECT COUNT(*)
FROM [Items] AS [i]
WHERE [i].[IsDeleted] = CAST(0 AS bit) AND [i].[IsDeleted] = CAST(0 AS bit)
2026-08-25 02:11:49.641 +07:00 [INF] Executed DbCommand (161ms) [Parameters=[@__p_0='?' (DbType = Int32), @__p_1='?' (DbType = Int32)], CommandType='"Text"', CommandTimeout='30']
SELECT [i].[Id], [i].[Category], [i].[CreatedAt], [i].[CreatedBy], [i].[Description], [i].[IsActive], [i].[IsDeleted], [i].[ItemCode], [i].[ItemName], [i].[MaxStock], [i].[MinStock], [i].[UOM], [i].[UpdatedAt], [i].[UpdatedBy]
FROM [Items] AS [i]
WHERE [i].[IsDeleted] = CAST(0 AS bit) AND [i].[IsDeleted] = CAST(0 AS bit)
ORDER BY [i].[ItemCode]
OFFSET @__p_0 ROWS FETCH NEXT @__p_1 ROWS ONLY
2026-08-25 02:11:52.187 +07:00 [INF] HTTP GET /api/v1/items responded 200 in 5000.0274ms
2026-08-25 02:11:52.323 +07:00 [INF] HTTP GET /api/v1/warehouses started
2026-08-25 02:11:52.418 +07:00 [INF] Executed DbCommand (7ms) [Parameters=[], CommandType='"Text"', CommandTimeout='30']
SELECT COUNT(*)
FROM [Warehouses] AS [w]
WHERE [w].[IsDeleted] = CAST(0 AS bit) AND [w].[IsDeleted] = CAST(0 AS bit)
2026-08-25 02:11:52.485 +07:00 [INF] Executed DbCommand (12ms) [Parameters=[@__p_0='?' (DbType = Int32), @__p_1='?' (DbType = Int32)], CommandType='"Text"', CommandTimeout='30']
SELECT [w].[Id], [w].[Address], [w].[CreatedAt], [w].[CreatedBy], [w].[IsActive], [w].[IsDeleted], [w].[UpdatedAt], [w].[UpdatedBy], [w].[WarehouseCode], [w].[WarehouseName]
FROM [Warehouses] AS [w]
WHERE [w].[IsDeleted] = CAST(0 AS bit) AND [w].[IsDeleted] = CAST(0 AS bit)
ORDER BY [w].[WarehouseCode]
OFFSET @__p_0 ROWS FETCH NEXT @__p_1 ROWS ONLY
2026-08-25 02:11:52.669 +07:00 [INF] HTTP GET /api/v1/warehouses responded 200 in 346.1771ms
2026-08-25 02:11:52.716 +07:00 [INF] HTTP GET /api/v1/vendors started
2026-08-25 02:11:52.788 +07:00 [INF] Executed DbCommand (7ms) [Parameters=[], CommandType='"Text"', CommandTimeout='30']
SELECT COUNT(*)
FROM [Vendors] AS [v]
WHERE [v].[IsDeleted] = CAST(0 AS bit) AND [v].[IsDeleted] = CAST(0 AS bit)
2026-08-25 02:11:52.842 +07:00 [INF] Executed DbCommand (8ms) [Parameters=[@__p_0='?' (DbType = Int32), @__p_1='?' (DbType = Int32)], CommandType='"Text"', CommandTimeout='30']
SELECT [v].[Id], [v].[Address], [v].[Contact], [v].[CreatedAt], [v].[CreatedBy], [v].[IsActive], [v].[IsDeleted], [v].[UpdatedAt], [v].[UpdatedBy], [v].[VendorCode], [v].[VendorName]
FROM [Vendors] AS [v]
WHERE [v].[IsDeleted] = CAST(0 AS bit) AND [v].[IsDeleted] = CAST(0 AS bit)
ORDER BY [v].[VendorCode]
OFFSET @__p_0 ROWS FETCH NEXT @__p_1 ROWS ONLY
2026-08-25 02:11:53.050 +07:00 [INF] HTTP GET /api/v1/vendors responded 200 in 334.2429ms
2026-08-25 02:11:53.098 +07:00 [INF] HTTP GET /api/v1/locations started
2026-08-25 02:11:53.206 +07:00 [INF] Executed DbCommand (14ms) [Parameters=[], CommandType='"Text"', CommandTimeout='30']
SELECT COUNT(*)
FROM [Locations] AS [l]
WHERE [l].[IsDeleted] = CAST(0 AS bit) AND [l].[IsDeleted] = CAST(0 AS bit)
2026-08-25 02:11:53.531 +07:00 [INF] Executed DbCommand (23ms) [Parameters=[@__p_0='?' (DbType = Int32), @__p_1='?' (DbType = Int32)], CommandType='"Text"', CommandTimeout='30']
SELECT [t].[Id], [t].[Aisle], [t].[CreatedAt], [t].[CreatedBy], [t].[IsActive], [t].[IsDeleted], [t].[Level], [t].[LocationCode], [t].[Rack], [t].[UpdatedAt], [t].[UpdatedBy], [t].[WarehouseId], [t0].[Id], [t0].[Address], [t0].[CreatedAt], [t0].[CreatedBy], [t0].[IsActive], [t0].[IsDeleted], [t0].[UpdatedAt], [t0].[UpdatedBy], [t0].[WarehouseCode], [t0].[WarehouseName]
FROM (
    SELECT [l].[Id], [l].[Aisle], [l].[CreatedAt], [l].[CreatedBy], [l].[IsActive], [l].[IsDeleted], [l].[Level], [l].[LocationCode], [l].[Rack], [l].[UpdatedAt], [l].[UpdatedBy], [l].[WarehouseId]
    FROM [Locations] AS [l]
    WHERE [l].[IsDeleted] = CAST(0 AS bit) AND [l].[IsDeleted] = CAST(0 AS bit)
    ORDER BY [l].[LocationCode]
    OFFSET @__p_0 ROWS FETCH NEXT @__p_1 ROWS ONLY
) AS [t]
INNER JOIN (
    SELECT [w].[Id], [w].[Address], [w].[CreatedAt], [w].[CreatedBy], [w].[IsActive], [w].[IsDeleted], [w].[UpdatedAt], [w].[UpdatedBy], [w].[WarehouseCode], [w].[WarehouseName]
    FROM [Warehouses] AS [w]
    WHERE [w].[IsDeleted] = CAST(0 AS bit)
) AS [t0] ON [t].[WarehouseId] = [t0].[Id]
ORDER BY [t].[LocationCode]
2026-08-25 02:11:53.927 +07:00 [ERR] Unhandled exception: Error mapping types.

Mapping types:
List`1 -> IEnumerable`1
System.Collections.Generic.List`1[[WMS.Domain.Entities.MasterData.Location, WMS.Domain, Version=1.0.0.0, Culture=neutral, PublicKeyToken=null]] -> System.Collections.Generic.IEnumerable`1[[WMS.Application.DTOs.MasterData.LocationDto, WMS.Application, Version=1.0.0.0, Culture=neutral, PublicKeyToken=null]]
AutoMapper.AutoMapperMappingException: Error mapping types.

Mapping types:
List`1 -> IEnumerable`1
System.Collections.Generic.List`1[[WMS.Domain.Entities.MasterData.Location, WMS.Domain, Version=1.0.0.0, Culture=neutral, PublicKeyToken=null]] -> System.Collections.Generic.IEnumerable`1[[WMS.Application.DTOs.MasterData.LocationDto, WMS.Application, Version=1.0.0.0, Culture=neutral, PublicKeyToken=null]]
 ---> System.ArgumentException: WMS.Application.DTOs.MasterData.LocationDto needs to have a constructor with 0 args or only optional args. Validate your configuration for details. (Parameter 'type')
   at lambda_method491(Closure, Object, IEnumerable`1, ResolutionContext)
   --- End of inner exception stack trace ---
   at lambda_method491(Closure, Object, IEnumerable`1, ResolutionContext)
   at WMS.Application.Services.MasterData.LocationService.GetAllAsync(PaginationParams pagination, Nullable`1 warehouseId, CancellationToken ct) in C:\Users\admin\Documents\GitHub\Warehouse Management System\src\WMS.Application\Services\MasterData\LocationService.cs:line 40
   at WMS.API.Controllers.LocationsController.GetAll(PaginationParams pagination, Nullable`1 warehouseId, CancellationToken ct) in C:\Users\admin\Documents\GitHub\Warehouse Management System\src\WMS.API\Controllers\LocationsController.cs:line 18
   at lambda_method373(Closure, Object)
   at Microsoft.AspNetCore.Mvc.Infrastructure.ActionMethodExecutor.AwaitableObjectResultExecutor.Execute(ActionContext actionContext, IActionResultTypeMapper mapper, ObjectMethodExecutor executor, Object controller, Object[] arguments)
   at Microsoft.AspNetCore.Mvc.Infrastructure.ControllerActionInvoker.<InvokeActionMethodAsync>g__Awaited|12_0(ControllerActionInvoker invoker, ValueTask`1 actionResultValueTask)
   at Microsoft.AspNetCore.Mvc.Infrastructure.ControllerActionInvoker.<InvokeNextActionFilterAsync>g__Awaited|10_0(ControllerActionInvoker invoker, Task lastTask, State next, Scope scope, Object state, Boolean isCompleted)
   at Microsoft.AspNetCore.Mvc.Infrastructure.ControllerActionInvoker.Rethrow(ActionExecutedContextSealed context)
   at Microsoft.AspNetCore.Mvc.Infrastructure.ControllerActionInvoker.Next(State& next, Scope& scope, Object& state, Boolean& isCompleted)
   at Microsoft.AspNetCore.Mvc.Infrastructure.ControllerActionInvoker.<InvokeInnerFilterAsync>g__Awaited|13_0(ControllerActionInvoker invoker, Task lastTask, State next, Scope scope, Object state, Boolean isCompleted)
   at Microsoft.AspNetCore.Mvc.Infrastructure.ResourceInvoker.<InvokeFilterPipelineAsync>g__Awaited|20_0(ResourceInvoker invoker, Task lastTask, State next, Scope scope, Object state, Boolean isCompleted)
   at Microsoft.AspNetCore.Mvc.Infrastructure.ResourceInvoker.<InvokeAsync>g__Awaited|17_0(ResourceInvoker invoker, Task task, IDisposable scope)
   at Microsoft.AspNetCore.Mvc.Infrastructure.ResourceInvoker.<InvokeAsync>g__Awaited|17_0(ResourceInvoker invoker, Task task, IDisposable scope)
   at Microsoft.AspNetCore.Authorization.AuthorizationMiddleware.Invoke(HttpContext context)
   at Microsoft.AspNetCore.Authentication.AuthenticationMiddleware.Invoke(HttpContext context)
   at Swashbuckle.AspNetCore.SwaggerUI.SwaggerUIMiddleware.Invoke(HttpContext httpContext)
   at Swashbuckle.AspNetCore.Swagger.SwaggerMiddleware.Invoke(HttpContext httpContext, ISwaggerProvider swaggerProvider)
   at WMS.API.Middleware.RequestLoggingMiddleware.InvokeAsync(HttpContext context) in C:\Users\admin\Documents\GitHub\Warehouse Management System\src\WMS.API\Middleware\RequestLoggingMiddleware.cs:line 18
   at WMS.API.Middleware.ExceptionHandlerMiddleware.InvokeAsync(HttpContext context) in C:\Users\admin\Documents\GitHub\Warehouse Management System\src\WMS.API\Middleware\ExceptionHandlerMiddleware.cs:line 21
2026-08-25 02:11:54.234 +07:00 [INF] HTTP GET /api/v1/purchase-orders started
2026-08-25 02:11:54.246 +07:00 [INF] HTTP GET /api/v1/purchase-orders responded 404 in 11.965ms
2026-08-25 02:11:54.267 +07:00 [INF] HTTP GET /api/v1/sales-orders started
2026-08-25 02:11:54.284 +07:00 [INF] HTTP GET /api/v1/sales-orders responded 404 in 17.301ms
2026-08-25 02:11:54.314 +07:00 [INF] HTTP GET /api/v1/purchase-orders started
2026-08-25 02:11:54.346 +07:00 [INF] HTTP GET /api/v1/purchase-orders responded 404 in 32.3435ms
2026-08-25 02:11:54.359 +07:00 [INF] HTTP GET /api/v1/sales-orders started
2026-08-25 02:11:54.391 +07:00 [INF] HTTP GET /api/v1/sales-orders responded 404 in 31.466ms
2026-08-25 02:11:54.415 +07:00 [INF] HTTP GET /api/v1/stock/balances started
2026-08-25 02:11:54.547 +07:00 [INF] Executed DbCommand (14ms) [Parameters=[], CommandType='"Text"', CommandTimeout='30']
SELECT COUNT(*)
FROM [StockBalances] AS [s]
WHERE [s].[IsDeleted] = CAST(0 AS bit) AND [s].[IsDeleted] = CAST(0 AS bit) AND [s].[AvailableQty] > 0.0
2026-08-25 02:11:54.747 +07:00 [INF] Executed DbCommand (62ms) [Parameters=[@__p_0='?' (DbType = Int32), @__p_1='?' (DbType = Int32)], CommandType='"Text"', CommandTimeout='30']
SELECT [t0].[Id], [t0].[AvailableQty], [t0].[CreatedAt], [t0].[CreatedBy], [t0].[IsDeleted], [t0].[ItemId], [t0].[LocationId], [t0].[ReservedQty], [t0].[UpdatedAt], [t0].[UpdatedBy], [t0].[Id0], [t0].[Category], [t0].[CreatedAt0], [t0].[CreatedBy0], [t0].[Description], [t0].[IsActive], [t0].[IsDeleted0], [t0].[ItemCode], [t0].[ItemName], [t0].[MaxStock], [t0].[MinStock], [t0].[UOM], [t0].[UpdatedAt0], [t0].[UpdatedBy0], [t1].[Id], [t1].[Aisle], [t1].[CreatedAt], [t1].[CreatedBy], [t1].[IsActive], [t1].[IsDeleted], [t1].[Level], [t1].[LocationCode], [t1].[Rack], [t1].[UpdatedAt], [t1].[UpdatedBy], [t1].[WarehouseId], [t2].[Id], [t2].[Address], [t2].[CreatedAt], [t2].[CreatedBy], [t2].[IsActive], [t2].[IsDeleted], [t2].[UpdatedAt], [t2].[UpdatedBy], [t2].[WarehouseCode], [t2].[WarehouseName]
FROM (
    SELECT [s].[Id], [s].[AvailableQty], [s].[CreatedAt], [s].[CreatedBy], [s].[IsDeleted], [s].[ItemId], [s].[LocationId], [s].[ReservedQty], [s].[UpdatedAt], [s].[UpdatedBy], [t].[Id] AS [Id0], [t].[Category], [t].[CreatedAt] AS [CreatedAt0], [t].[CreatedBy] AS [CreatedBy0], [t].[Description], [t].[IsActive], [t].[IsDeleted] AS [IsDeleted0], [t].[ItemCode], [t].[ItemName], [t].[MaxStock], [t].[MinStock], [t].[UOM], [t].[UpdatedAt] AS [UpdatedAt0], [t].[UpdatedBy] AS [UpdatedBy0]
    FROM [StockBalances] AS [s]
    INNER JOIN (
        SELECT [i].[Id], [i].[Category], [i].[CreatedAt], [i].[CreatedBy], [i].[Description], [i].[IsActive], [i].[IsDeleted], [i].[ItemCode], [i].[ItemName], [i].[MaxStock], [i].[MinStock], [i].[UOM], [i].[UpdatedAt], [i].[UpdatedBy]
        FROM [Items] AS [i]
        WHERE [i].[IsDeleted] = CAST(0 AS bit)
    ) AS [t] ON [s].[ItemId] = [t].[Id]
    WHERE [s].[IsDeleted] = CAST(0 AS bit) AND [s].[IsDeleted] = CAST(0 AS bit) AND [s].[AvailableQty] > 0.0
    ORDER BY [t].[ItemCode]
    OFFSET @__p_0 ROWS FETCH NEXT @__p_1 ROWS ONLY
) AS [t0]
INNER JOIN (
    SELECT [l].[Id], [l].[Aisle], [l].[CreatedAt], [l].[CreatedBy], [l].[IsActive], [l].[IsDeleted], [l].[Level], [l].[LocationCode], [l].[Rack], [l].[UpdatedAt], [l].[UpdatedBy], [l].[WarehouseId]
    FROM [Locations] AS [l]
    WHERE [l].[IsDeleted] = CAST(0 AS bit)
) AS [t1] ON [t0].[LocationId] = [t1].[Id]
INNER JOIN (
    SELECT [w].[Id], [w].[Address], [w].[CreatedAt], [w].[CreatedBy], [w].[IsActive], [w].[IsDeleted], [w].[UpdatedAt], [w].[UpdatedBy], [w].[WarehouseCode], [w].[WarehouseName]
    FROM [Warehouses] AS [w]
    WHERE [w].[IsDeleted] = CAST(0 AS bit)
) AS [t2] ON [t1].[WarehouseId] = [t2].[Id]
ORDER BY [t0].[ItemCode]
2026-08-25 02:11:54.875 +07:00 [INF] HTTP GET /api/v1/stock/balances responded 200 in 459.1754ms
2026-08-25 02:11:58.390 +07:00 [INF] HTTP GET /api/v1/items started
2026-08-25 02:11:58.503 +07:00 [INF] Executed DbCommand (2ms) [Parameters=[], CommandType='"Text"', CommandTimeout='30']
SELECT COUNT(*)
FROM [Items] AS [i]
WHERE [i].[IsDeleted] = CAST(0 AS bit) AND [i].[IsDeleted] = CAST(0 AS bit)
2026-08-25 02:11:58.532 +07:00 [INF] Executed DbCommand (2ms) [Parameters=[@__p_0='?' (DbType = Int32), @__p_1='?' (DbType = Int32)], CommandType='"Text"', CommandTimeout='30']
SELECT [i].[Id], [i].[Category], [i].[CreatedAt], [i].[CreatedBy], [i].[Description], [i].[IsActive], [i].[IsDeleted], [i].[ItemCode], [i].[ItemName], [i].[MaxStock], [i].[MinStock], [i].[UOM], [i].[UpdatedAt], [i].[UpdatedBy]
FROM [Items] AS [i]
WHERE [i].[IsDeleted] = CAST(0 AS bit) AND [i].[IsDeleted] = CAST(0 AS bit)
ORDER BY [i].[ItemCode]
OFFSET @__p_0 ROWS FETCH NEXT @__p_1 ROWS ONLY
2026-08-25 02:11:58.582 +07:00 [INF] HTTP GET /api/v1/items responded 200 in 191.0883ms
2026-08-25 02:12:14.949 +07:00 [INF] HTTP POST /api/v1/items started
2026-08-25 02:12:15.262 +07:00 [INF] HTTP POST /api/v1/items responded 400 in 312.0933ms
2026-08-25 02:12:48.534 +07:00 [INF] HTTP POST /api/v1/items started
2026-08-25 02:12:48.740 +07:00 [INF] Executed DbCommand (31ms) [Parameters=[@__dto_ItemCode_0='?' (Size = 50)], CommandType='"Text"', CommandTimeout='30']
SELECT TOP(1) [i].[Id], [i].[Category], [i].[CreatedAt], [i].[CreatedBy], [i].[Description], [i].[IsActive], [i].[IsDeleted], [i].[ItemCode], [i].[ItemName], [i].[MaxStock], [i].[MinStock], [i].[UOM], [i].[UpdatedAt], [i].[UpdatedBy]
FROM [Items] AS [i]
WHERE [i].[IsDeleted] = CAST(0 AS bit) AND [i].[ItemCode] = @__dto_ItemCode_0 AND [i].[IsDeleted] = CAST(0 AS bit)
2026-08-25 02:12:49.584 +07:00 [INF] Executed DbCommand (32ms) [Parameters=[@p0='?' (DbType = Guid), @p1='?' (Size = 100), @p2='?' (DbType = DateTime2), @p3='?' (Size = 4000), @p4='?' (Size = 4000), @p5='?' (DbType = Boolean), @p6='?' (DbType = Boolean), @p7='?' (Size = 50), @p8='?' (Size = 200), @p9='?' (Precision = 18) (Scale = 4) (DbType = Decimal), @p10='?' (Precision = 18) (Scale = 4) (DbType = Decimal), @p11='?' (Size = 20), @p12='?' (DbType = DateTime2), @p13='?' (Size = 4000)], CommandType='"Text"', CommandTimeout='30']
SET IMPLICIT_TRANSACTIONS OFF;
SET NOCOUNT ON;
INSERT INTO [Items] ([Id], [Category], [CreatedAt], [CreatedBy], [Description], [IsActive], [IsDeleted], [ItemCode], [ItemName], [MaxStock], [MinStock], [UOM], [UpdatedAt], [UpdatedBy])
VALUES (@p0, @p1, @p2, @p3, @p4, @p5, @p6, @p7, @p8, @p9, @p10, @p11, @p12, @p13);
2026-08-25 02:12:49.696 +07:00 [INF] HTTP POST /api/v1/items responded 201 in 1161.4801ms
2026-08-25 02:12:49.765 +07:00 [INF] HTTP GET /api/v1/items started
2026-08-25 02:12:49.797 +07:00 [INF] Executed DbCommand (10ms) [Parameters=[], CommandType='"Text"', CommandTimeout='30']
SELECT COUNT(*)
FROM [Items] AS [i]
WHERE [i].[IsDeleted] = CAST(0 AS bit) AND [i].[IsDeleted] = CAST(0 AS bit)
2026-08-25 02:12:49.835 +07:00 [INF] Executed DbCommand (15ms) [Parameters=[@__p_0='?' (DbType = Int32), @__p_1='?' (DbType = Int32)], CommandType='"Text"', CommandTimeout='30']
SELECT [i].[Id], [i].[Category], [i].[CreatedAt], [i].[CreatedBy], [i].[Description], [i].[IsActive], [i].[IsDeleted], [i].[ItemCode], [i].[ItemName], [i].[MaxStock], [i].[MinStock], [i].[UOM], [i].[UpdatedAt], [i].[UpdatedBy]
FROM [Items] AS [i]
WHERE [i].[IsDeleted] = CAST(0 AS bit) AND [i].[IsDeleted] = CAST(0 AS bit)
ORDER BY [i].[ItemCode]
OFFSET @__p_0 ROWS FETCH NEXT @__p_1 ROWS ONLY
2026-08-25 02:12:49.872 +07:00 [INF] HTTP GET /api/v1/items responded 200 in 106.5082ms
2026-08-25 02:13:13.528 +07:00 [INF] HTTP GET /api/v1/warehouses started
2026-08-25 02:13:13.578 +07:00 [INF] Executed DbCommand (13ms) [Parameters=[], CommandType='"Text"', CommandTimeout='30']
SELECT COUNT(*)
FROM [Warehouses] AS [w]
WHERE [w].[IsDeleted] = CAST(0 AS bit) AND [w].[IsDeleted] = CAST(0 AS bit)
2026-08-25 02:13:13.609 +07:00 [INF] Executed DbCommand (11ms) [Parameters=[@__p_0='?' (DbType = Int32), @__p_1='?' (DbType = Int32)], CommandType='"Text"', CommandTimeout='30']
SELECT [w].[Id], [w].[Address], [w].[CreatedAt], [w].[CreatedBy], [w].[IsActive], [w].[IsDeleted], [w].[UpdatedAt], [w].[UpdatedBy], [w].[WarehouseCode], [w].[WarehouseName]
FROM [Warehouses] AS [w]
WHERE [w].[IsDeleted] = CAST(0 AS bit) AND [w].[IsDeleted] = CAST(0 AS bit)
ORDER BY [w].[WarehouseCode]
OFFSET @__p_0 ROWS FETCH NEXT @__p_1 ROWS ONLY
2026-08-25 02:13:13.688 +07:00 [INF] HTTP GET /api/v1/warehouses responded 200 in 160.373ms
2026-08-25 02:13:17.182 +07:00 [INF] HTTP GET /api/v1/vendors started
2026-08-25 02:13:17.301 +07:00 [INF] Executed DbCommand (40ms) [Parameters=[], CommandType='"Text"', CommandTimeout='30']
SELECT COUNT(*)
FROM [Vendors] AS [v]
WHERE [v].[IsDeleted] = CAST(0 AS bit) AND [v].[IsDeleted] = CAST(0 AS bit)
2026-08-25 02:13:17.887 +07:00 [INF] Executed DbCommand (18ms) [Parameters=[@__p_0='?' (DbType = Int32), @__p_1='?' (DbType = Int32)], CommandType='"Text"', CommandTimeout='30']
SELECT [v].[Id], [v].[Address], [v].[Contact], [v].[CreatedAt], [v].[CreatedBy], [v].[IsActive], [v].[IsDeleted], [v].[UpdatedAt], [v].[UpdatedBy], [v].[VendorCode], [v].[VendorName]
FROM [Vendors] AS [v]
WHERE [v].[IsDeleted] = CAST(0 AS bit) AND [v].[IsDeleted] = CAST(0 AS bit)
ORDER BY [v].[VendorCode]
OFFSET @__p_0 ROWS FETCH NEXT @__p_1 ROWS ONLY
2026-08-25 02:13:17.961 +07:00 [INF] HTTP GET /api/v1/vendors responded 200 in 779.7873ms
2026-08-25 02:13:19.764 +07:00 [INF] HTTP GET /api/v1/vendors started
2026-08-25 02:13:22.803 +07:00 [INF] HTTP GET /api/v1/purchase-orders started
2026-08-25 02:13:22.896 +07:00 [INF] Executed DbCommand (98ms) [Parameters=[], CommandType='"Text"', CommandTimeout='30']
SELECT COUNT(*)
FROM [Vendors] AS [v]
WHERE [v].[IsDeleted] = CAST(0 AS bit) AND [v].[IsDeleted] = CAST(0 AS bit)
2026-08-25 02:13:24.545 +07:00 [INF] HTTP GET /api/v1/purchase-orders responded 404 in 1742.6595ms
2026-08-25 02:13:24.598 +07:00 [INF] Executed DbCommand (17ms) [Parameters=[@__p_0='?' (DbType = Int32), @__p_1='?' (DbType = Int32)], CommandType='"Text"', CommandTimeout='30']
SELECT [v].[Id], [v].[Address], [v].[Contact], [v].[CreatedAt], [v].[CreatedBy], [v].[IsActive], [v].[IsDeleted], [v].[UpdatedAt], [v].[UpdatedBy], [v].[VendorCode], [v].[VendorName]
FROM [Vendors] AS [v]
WHERE [v].[IsDeleted] = CAST(0 AS bit) AND [v].[IsDeleted] = CAST(0 AS bit)
ORDER BY [v].[VendorCode]
OFFSET @__p_0 ROWS FETCH NEXT @__p_1 ROWS ONLY
2026-08-25 02:13:24.684 +07:00 [INF] HTTP GET /api/v1/vendors responded 200 in 4920.1907ms
2026-08-25 02:13:32.744 +07:00 [INF] HTTP GET /api/v1/grn started
2026-08-25 02:13:33.861 +07:00 [INF] Executed DbCommand (56ms) [Parameters=[], CommandType='"Text"', CommandTimeout='30']
SELECT COUNT(*)
FROM [GoodsReceiptNotes] AS [g]
WHERE [g].[IsDeleted] = CAST(0 AS bit) AND [g].[IsDeleted] = CAST(0 AS bit)
2026-08-25 02:13:34.416 +07:00 [INF] Executed DbCommand (166ms) [Parameters=[@__p_0='?' (DbType = Int32), @__p_1='?' (DbType = Int32)], CommandType='"Text"', CommandTimeout='30']
SELECT [t].[Id], [t].[CreatedAt], [t].[CreatedBy], [t].[GRNDate], [t].[GRNNumber], [t].[IsDeleted], [t].[Notes], [t].[POId], [t].[ReceivedBy], [t].[Status], [t].[UpdatedAt], [t].[UpdatedBy], [t0].[Id], [t0].[CreatedAt], [t0].[CreatedBy], [t0].[IsDeleted], [t0].[Notes], [t0].[PODate], [t0].[PONumber], [t0].[Status], [t0].[UpdatedAt], [t0].[UpdatedBy], [t0].[VendorId], [t1].[Id], [t1].[CreatedAt], [t1].[CreatedBy], [t1].[GRNId], [t1].[IsDeleted], [t1].[ItemId], [t1].[PutAwayLocationId], [t1].[QCStatus], [t1].[ReceivedQty], [t1].[UpdatedAt], [t1].[UpdatedBy], [t1].[Id0], [t1].[Category], [t1].[CreatedAt0], [t1].[CreatedBy0], [t1].[Description], [t1].[IsActive], [t1].[IsDeleted0], [t1].[ItemCode], [t1].[ItemName], [t1].[MaxStock], [t1].[MinStock], [t1].[UOM], [t1].[UpdatedAt0], [t1].[UpdatedBy0], [t1].[Id1], [t1].[Aisle], [t1].[CreatedAt1], [t1].[CreatedBy1], [t1].[IsActive0], [t1].[IsDeleted1], [t1].[Level], [t1].[LocationCode], [t1].[Rack], [t1].[UpdatedAt1], [t1].[UpdatedBy1], [t1].[WarehouseId]
FROM (
    SELECT [g].[Id], [g].[CreatedAt], [g].[CreatedBy], [g].[GRNDate], [g].[GRNNumber], [g].[IsDeleted], [g].[Notes], [g].[POId], [g].[ReceivedBy], [g].[Status], [g].[UpdatedAt], [g].[UpdatedBy]
    FROM [GoodsReceiptNotes] AS [g]
    WHERE [g].[IsDeleted] = CAST(0 AS bit) AND [g].[IsDeleted] = CAST(0 AS bit)
    ORDER BY [g].[GRNDate] DESC
    OFFSET @__p_0 ROWS FETCH NEXT @__p_1 ROWS ONLY
) AS [t]
INNER JOIN (
    SELECT [p].[Id], [p].[CreatedAt], [p].[CreatedBy], [p].[IsDeleted], [p].[Notes], [p].[PODate], [p].[PONumber], [p].[Status], [p].[UpdatedAt], [p].[UpdatedBy], [p].[VendorId]
    FROM [PurchaseOrders] AS [p]
    WHERE [p].[IsDeleted] = CAST(0 AS bit)
) AS [t0] ON [t].[POId] = [t0].[Id]
LEFT JOIN (
    SELECT [g0].[Id], [g0].[CreatedAt], [g0].[CreatedBy], [g0].[GRNId], [g0].[IsDeleted], [g0].[ItemId], [g0].[PutAwayLocationId], [g0].[QCStatus], [g0].[ReceivedQty], [g0].[UpdatedAt], [g0].[UpdatedBy], [t2].[Id] AS [Id0], [t2].[Category], [t2].[CreatedAt] AS [CreatedAt0], [t2].[CreatedBy] AS [CreatedBy0], [t2].[Description], [t2].[IsActive], [t2].[IsDeleted] AS [IsDeleted0], [t2].[ItemCode], [t2].[ItemName], [t2].[MaxStock], [t2].[MinStock], [t2].[UOM], [t2].[UpdatedAt] AS [UpdatedAt0], [t2].[UpdatedBy] AS [UpdatedBy0], [t3].[Id] AS [Id1], [t3].[Aisle], [t3].[CreatedAt] AS [CreatedAt1], [t3].[CreatedBy] AS [CreatedBy1], [t3].[IsActive] AS [IsActive0], [t3].[IsDeleted] AS [IsDeleted1], [t3].[Level], [t3].[LocationCode], [t3].[Rack], [t3].[UpdatedAt] AS [UpdatedAt1], [t3].[UpdatedBy] AS [UpdatedBy1], [t3].[WarehouseId]
    FROM [GoodsReceiptNoteDetails] AS [g0]
    INNER JOIN (
        SELECT [i].[Id], [i].[Category], [i].[CreatedAt], [i].[CreatedBy], [i].[Description], [i].[IsActive], [i].[IsDeleted], [i].[ItemCode], [i].[ItemName], [i].[MaxStock], [i].[MinStock], [i].[UOM], [i].[UpdatedAt], [i].[UpdatedBy]
        FROM [Items] AS [i]
        WHERE [i].[IsDeleted] = CAST(0 AS bit)
    ) AS [t2] ON [g0].[ItemId] = [t2].[Id]
    LEFT JOIN (
        SELECT [l].[Id], [l].[Aisle], [l].[CreatedAt], [l].[CreatedBy], [l].[IsActive], [l].[IsDeleted], [l].[Level], [l].[LocationCode], [l].[Rack], [l].[UpdatedAt], [l].[UpdatedBy], [l].[WarehouseId]
        FROM [Locations] AS [l]
        WHERE [l].[IsDeleted] = CAST(0 AS bit)
    ) AS [t3] ON [g0].[PutAwayLocationId] = [t3].[Id]
    WHERE [g0].[IsDeleted] = CAST(0 AS bit)
) AS [t1] ON [t].[Id] = [t1].[GRNId]
ORDER BY [t].[GRNDate] DESC, [t].[Id], [t0].[Id], [t1].[Id], [t1].[Id0]
2026-08-25 02:13:34.780 +07:00 [INF] HTTP GET /api/v1/grn responded 200 in 2035.6765ms
